t_h,a_decay,delta_pm,delta_err_pm,resid_shift,beta_per_nm,beta_err,resid_tilt,a_free_per_sweep,centroid_meas_nm,centroid_tilt_nm,centroid_shift_nm,temp_C,pd_mV
0.0000,1.000000,0.000,0.000,0.000000,0.000000,0.000000,0.000000,1.000000,778.45069,778.45069,778.45069,28.8968,11.650328
0.2500,1.000790,2.333,16.704,0.043079,-0.000574,0.004972,0.043125,1.020143,778.44919,778.44916,778.45303,28.9678,11.607021
0.5000,1.001579,-15.839,17.328,0.044729,-0.006090,0.005113,0.044376,1.008878,778.43451,778.43439,778.43486,29.0369,11.606375
0.7500,1.002369,3.221,16.168,0.041770,0.002459,0.004795,0.041650,1.009183,778.45723,778.45728,778.45392,29.0286,11.628375
1.0000,1.003159,-24.518,17.480,0.045200,-0.007354,0.005231,0.045476,1.021729,778.43136,778.43101,778.42618,28.9916,11.616403
1.2500,1.003948,-1.248,14.119,0.036541,-0.000258,0.004194,0.036485,0.999290,778.45000,778.45000,778.44945,28.9746,11.643340
1.5000,1.004738,-0.417,16.934,0.043866,0.000673,0.005057,0.044029,1.019593,778.45247,778.45250,778.45028,28.9351,11.634326
1.7500,1.005527,-11.225,13.129,0.034038,-0.004601,0.003871,0.033736,1.008743,778.43842,778.43838,778.43947,28.9019,11.648359
2.0000,1.006317,12.143,17.904,0.046458,0.003492,0.005349,0.046645,1.014775,778.45996,778.46004,778.46284,28.8618,11.661649
2.2500,1.007107,9.493,18.335,0.047619,0.004661,0.005463,0.047681,1.033229,778.46286,778.46317,778.46019,28.8193,11.667139
2.5000,1.007896,-3.637,18.128,0.047123,-0.001801,0.005401,0.047175,1.014118,778.44590,778.44587,778.44706,28.7854,11.651030
2.7500,1.008686,25.255,18.393,0.047853,0.008637,0.005479,0.047894,1.028564,778.47337,778.47382,778.47595,28.7705,11.686094
3.0000,1.009476,23.385,14.918,0.038844,0.007515,0.004416,0.038632,1.006287,778.47088,778.47081,778.47408,28.7388,11.687903
3.2500,1.010265,28.156,16.492,0.042982,0.009834,0.004886,0.042775,1.026125,778.47662,778.47702,778.47885,28.7000,11.678558
3.5000,1.011055,34.440,15.308,0.039930,0.012131,0.004455,0.039029,1.017694,778.48296,778.48317,778.48513,28.6798,11.686495
3.7500,1.011845,16.282,21.175,0.055282,0.008005,0.006252,0.054819,1.032778,778.47169,778.47213,778.46698,28.6440,11.672721
4.0000,1.012634,29.232,16.462,0.043015,0.010857,0.004823,0.042320,1.025804,778.47939,778.47976,778.47993,28.5953,11.672044
4.2500,1.013424,26.446,15.932,0.041666,0.009438,0.004729,0.041530,1.029421,778.47557,778.47596,778.47714,28.5945,11.683185
4.5000,1.014213,49.021,21.357,0.055901,0.017242,0.006245,0.054886,1.033839,778.49598,778.49685,778.49971,28.5763,11.714580
4.7500,1.015003,28.489,18.425,0.048269,0.011473,0.005376,0.047290,1.030947,778.48094,778.48141,778.47918,28.5359,11.704858
5.0000,1.015793,61.301,19.000,0.049818,0.020787,0.005527,0.048653,1.035081,778.50531,778.50634,778.51199,28.5333,11.704068
5.2500,1.016582,50.583,17.052,0.044748,0.017782,0.004917,0.043321,1.032992,778.49754,778.49830,778.50128,28.5400,11.697754
5.5000,1.017372,67.516,19.059,0.050059,0.023686,0.005401,0.047613,1.039281,778.51277,778.51410,778.51821,28.5516,11.711899
5.7500,1.018162,76.691,22.792,0.059916,0.029391,0.006046,0.053344,1.033445,778.52822,778.52938,778.52739,28.5004,11.704819
6.0000,1.018951,55.279,22.065,0.058055,0.022421,0.006095,0.053822,1.042033,778.50939,778.51072,778.50597,28.4699,11.709130
6.2500,1.019741,90.167,23.249,0.061222,0.031476,0.006452,0.057017,1.031811,778.53397,778.53496,778.54086,28.4242,11.719843
6.5000,1.020531,83.225,22.759,0.059982,0.030508,0.006199,0.054819,1.046483,778.53034,778.53237,778.53392,28.3832,11.740938
6.7500,1.021320,91.937,18.502,0.048805,0.030750,0.005263,0.046582,1.047712,778.53094,778.53302,778.54263,28.3705,11.736686
7.0000,1.022110,86.129,21.505,0.056776,0.033921,0.005185,0.045926,1.038409,778.54008,778.54151,778.53682,28.3301,11.722723
7.2500,1.022899,80.155,21.089,0.055726,0.030205,0.005532,0.049035,1.042551,778.53003,778.53156,778.53085,28.3396,11.735129
7.5000,1.023689,97.489,21.010,0.055563,0.033800,0.005791,0.051368,1.052861,778.53868,778.54118,778.54818,28.2790,11.735687
7.7500,1.024479,110.938,21.957,0.058118,0.039061,0.005652,0.050179,1.033805,778.55432,778.55527,778.56163,28.2656,11.746692
8.0000,1.025268,126.364,26.054,0.069021,0.045610,0.006626,0.058863,1.054478,778.56942,778.57280,778.57706,28.2443,11.749066
8.2500,1.026058,109.514,25.913,0.068706,0.035965,0.007493,0.066621,1.036927,778.54597,778.54698,778.56021,28.2383,11.749463
8.5000,1.026848,106.967,19.326,0.051285,0.036700,0.005123,0.045589,1.043017,778.54742,778.54895,778.55766,28.2656,11.764273
8.7500,1.027637,109.850,19.186,0.050956,0.038965,0.004612,0.041065,1.035952,778.55417,778.55501,778.56054,28.1892,11.749592
9.0000,1.028427,124.327,22.329,0.059356,0.043563,0.005575,0.049685,1.035184,778.56656,778.56732,778.57502,28.2371,11.774145
9.2500,1.029217,134.137,19.662,0.052310,0.047624,0.004109,0.036646,1.037076,778.57723,778.57819,778.58483,28.2626,11.787372
9.5000,1.030006,126.757,19.023,0.050654,0.044579,0.004104,0.036629,1.024226,778.57071,778.57004,778.57745,28.2893,11.794973
9.7500,1.030796,120.184,19.714,0.052539,0.043070,0.004255,0.038001,1.023092,778.56687,778.56600,778.57088,28.3293,11.817362
10.0000,1.031585,134.762,20.820,0.055533,0.046521,0.004902,0.043817,1.023692,778.57620,778.57524,778.58546,28.3335,11.827926
10.2500,1.032375,135.216,22.573,0.060261,0.046320,0.005532,0.049483,1.010229,778.57742,778.57470,778.58591,28.3485,11.843534
10.5000,1.033165,148.352,20.642,0.055151,0.050697,0.004578,0.040985,1.010527,778.58946,778.58642,778.59905,28.3979,11.846765
10.7500,1.033954,154.778,25.204,0.067397,0.054210,0.005640,0.050527,0.996374,778.60130,778.59582,778.60547,28.4339,11.867416
11.0000,1.034744,157.639,28.155,0.075350,0.055117,0.006708,0.060136,0.993298,778.60441,778.59825,778.60833,28.4703,11.881887
11.2500,1.035534,151.604,29.359,0.078638,0.051941,0.007460,0.066928,0.983492,778.59711,778.58975,778.60230,28.4819,11.890315
11.5000,1.036323,154.465,28.391,0.076111,0.051497,0.007389,0.066345,0.977541,778.59685,778.58856,778.60516,28.5732,11.916809
