timestamp,elapsed_min,sig_mean_mV,sig_sem_mV,laser_mean_mV,laser_sem_mV,pmt_ohm_Ohm
2026-08-29T02:40:26,0.00,23.366644,0.05005,0.05097,0.00015,9016.481
2026-08-29T02:55:26,15.00,23.275152,0.051073,0.052618,0.000161,9021.737
2026-08-29T03:10:26,30.00,23.434316,0.052483,0.051184,0.00016,9032.801
2026-08-29T03:25:26,45.00,23.088464,0.058475,0.049789,0.000153,9046.12
2026-08-29T03:40:26,60.00,23.205937,0.049354,0.051451,0.000154,9047.971
2026-08-29T03:55:26,75.00,23.010944,0.04761,0.052085,0.000164,9063.936
2026-08-29T04:10:26,90.00,23.360475,0.048866,0.0515,0.000158,9071.121
2026-08-29T04:25:26,105.00,23.403035,0.053417,0.050299,0.00016,9068.969
2026-08-29T04:40:26,120.00,23.508,0.055063,0.050771,0.000154,9077.318
2026-08-29T04:55:26,135.00,23.119523,0.052252,0.050278,0.000154,9094.623
2026-08-29T05:10:26,150.00,23.259519,0.047549,0.049809,0.00016,9083.944
2026-08-29T05:25:26,165.00,23.228687,0.057992,0.049615,0.000165,9101.03
2026-08-29T05:40:26,180.00,23.501186,0.053374,0.050713,0.000169,9100.117
2026-08-29T05:55:26,195.00,23.428733,0.050508,0.049701,0.000161,9108.289
2026-08-29T06:10:26,210.00,23.260796,0.051033,0.051739,0.000164,9118.92
2026-08-29T06:25:26,225.00,23.262643,0.05272,0.051325,0.000152,9129.099
2026-08-29T06:40:26,240.00,23.045563,0.050591,0.050101,0.000158,9123.443
2026-08-29T06:55:26,255.00,23.268118,0.051722,0.051129,0.000163,9132.879
2026-08-29T07:10:26,270.00,23.115534,0.048266,0.050607,0.000151,9132.135
2026-08-29T07:25:26,285.00,23.18178,0.053544,0.05137,0.000158,9137.157
2026-08-29T07:40:26,300.00,23.416114,0.052517,0.049759,0.000164,9142.611
2026-08-29T07:55:26,315.00,23.097547,0.048092,0.051106,0.000155,9140.607
2026-08-29T08:10:26,330.00,23.16409,0.048243,0.049674,0.00016,9146.723
2026-08-29T08:25:26,345.00,23.343568,0.055287,0.050453,0.000149,9154.429
2026-08-29T08:40:26,360.00,23.345971,0.050096,0.049708,0.000161,9166.439
2026-08-29T08:55:26,375.00,22.88051,0.055012,0.048442,0.000154,9162.682
2026-08-29T09:10:26,390.00,23.275408,0.054512,0.04983,0.000159,9171.563
2026-08-29T09:25:26,405.00,23.270175,0.050735,0.050164,0.000163,9174.178
2026-08-29T09:40:26,420.00,23.330999,0.048711,0.048993,0.000146,9166.578
2026-08-29T09:55:26,435.00,23.022998,0.04899,0.050506,0.000154,9165.47
2026-08-29T10:10:26,450.00,23.241451,0.051457,0.049697,0.000155,9154.302
2026-08-29T10:25:26,465.00,22.863203,0.046174,0.050748,0.000159,9141.083
2026-08-29T10:40:26,480.00,22.946194,0.049623,0.051463,0.000159,9118.607
2026-08-29T10:55:26,495.00,23.152794,0.053311,0.050275,0.000165,9107.816
2026-08-29T11:10:26,510.00,22.985933,0.048093,0.050631,0.000157,9094.265
2026-08-29T11:25:26,525.00,23.104582,0.052947,0.051776,0.000153,9066.544
2026-08-29T11:40:26,540.00,23.118945,0.048833,0.052242,0.000158,9057.581
2026-08-29T11:55:26,555.00,23.127977,0.049166,0.051007,0.000161,9039.607
2026-08-29T12:10:26,570.00,23.03952,0.049708,0.050838,0.000149,9029.918
2026-08-29T12:25:26,585.00,23.160034,0.050923,0.050991,0.000161,9016.335
2026-08-29T12:40:26,600.00,23.182664,0.04796,0.05125,0.000155,9001.748
2026-08-29T12:55:26,615.00,23.112955,0.052649,0.052266,0.000156,8991.748
2026-08-29T13:10:26,630.00,23.001964,0.051503,0.051632,0.000158,8992.312
2026-08-29T13:25:26,645.00,22.879982,0.053979,0.050459,0.000157,8981.036
2026-08-29T13:40:26,660.00,23.143979,0.047778,0.050773,0.000165,8957.673
2026-08-29T13:55:26,675.00,22.915725,0.046944,0.049844,0.000155,8953.033
2026-08-29T14:10:26,690.00,22.968053,0.04878,0.051273,0.000158,8933.291
2026-08-29T14:25:26,705.00,23.077279,0.047268,0.052014,0.000151,8916.951
2026-08-29T14:40:26,720.00,22.954588,0.049326,0.052048,0.000158,8899.252
2026-08-29T14:55:26,735.00,23.01098,0.047042,0.050772,0.000161,8884.969
2026-08-29T15:10:26,750.00,23.198043,0.048553,0.051823,0.000156,8865.465
2026-08-29T15:25:26,765.00,22.942481,0.049628,0.052652,0.000157,8863.263
2026-08-29T15:40:26,780.00,22.91836,0.048111,0.052745,0.00016,8859.426
2026-08-29T15:55:26,795.00,23.071872,0.049651,0.052435,0.000148,8846.94
2026-08-29T16:10:26,810.00,22.827707,0.049927,0.050083,0.000172,8834.76
2026-08-29T16:25:26,825.00,22.924534,0.049531,0.051005,0.000149,8828.68
2026-08-29T16:40:26,840.00,22.93509,0.050826,0.052253,0.000166,8825.018
2026-08-29T16:55:26,855.00,22.938243,0.052306,0.051604,0.000163,8822.227
2026-08-29T17:10:26,870.00,22.742481,0.053049,0.050612,0.000163,8817.333
2026-08-29T17:25:26,885.00,22.982728,0.050598,0.050738,0.000147,8815.295
2026-08-29T17:40:26,900.00,23.076038,0.050715,0.052081,0.000148,8797.15
2026-08-29T17:55:26,915.00,23.063534,0.050014,0.05289,0.000162,8796.537
2026-08-29T18:10:26,930.00,22.825103,0.047481,0.050892,0.000156,8793.337
2026-08-29T18:25:26,945.00,22.927888,0.055643,0.050465,0.000156,8792.423
2026-08-29T18:40:26,960.00,22.827725,0.050983,0.050018,0.000161,8804.343
2026-08-29T18:55:26,975.00,22.875252,0.049384,0.052058,0.000159,8812.28
2026-08-29T19:10:26,990.00,22.805855,0.049358,0.050711,0.000158,8821.058
2026-08-29T19:25:26,1005.00,22.882484,0.050206,0.050958,0.000161,8827.341
2026-08-29T19:40:26,1020.00,22.946897,0.054224,0.053345,0.000154,8840.873
2026-08-29T19:55:26,1035.00,22.767643,0.051864,0.051198,0.000168,8853.998
2026-08-29T20:10:26,1050.00,22.985129,0.049579,0.051276,0.000147,8857.743
2026-08-29T20:25:26,1065.00,22.91601,0.050575,0.051708,0.000155,8883.741
2026-08-29T20:40:26,1080.00,22.640191,0.052804,0.051703,0.000156,8881.89
2026-08-29T20:55:26,1095.00,22.786099,0.051003,0.050331,0.000156,8890.1
2026-08-29T21:10:26,1110.00,22.954481,0.055097,0.051032,0.000162,8910.727
2026-08-29T21:25:26,1125.00,22.816019,0.050671,0.051691,0.000149,8919.275
2026-08-29T21:40:26,1140.00,22.96767,0.046519,0.051711,0.000162,8937.148
2026-08-29T21:55:26,1155.00,22.848022,0.047778,0.051529,0.000152,8953.442
2026-08-29T22:10:26,1170.00,22.608967,0.048544,0.050217,0.000154,8959.47
2026-08-29T22:25:26,1185.00,22.781798,0.049477,0.051245,0.000159,8966.06
2026-08-29T22:40:26,1200.00,22.968717,0.051432,0.05069,0.000164,8973.936
2026-08-29T22:55:26,1215.00,22.624725,0.04701,0.050636,0.000157,8993.067
2026-08-29T23:10:26,1230.00,22.92582,0.050502,0.049994,0.000155,9014.443
2026-08-29T23:25:26,1245.00,22.996208,0.052409,0.050801,0.000161,9009.379
2026-08-29T23:40:26,1260.00,22.729938,0.054402,0.051935,0.000147,9022.916
2026-08-29T23:55:26,1275.00,22.771821,0.04829,0.050238,0.000153,9037.264
