block,pairs,x_1,w_1,x_2,w_2,x_3,w_3,x_4,w_4,x_5,w_5,x_6,w_6,x_7,w_7,x_8,w_8,dark_v,voltage_mean_v,voltage_std_v,range_v,pred_v
0,1+2+3,0.596594,0.546714,0.286942,0.377168,0.496456,0.679969,0.000000,0.000000,0.000000,0.000000,0.000000,0.000000,0.000000,0.000000,0.000000,0.000000,-3.57453433e-05,0.0258231612,0.000702127365,0.1,0.0241519929
0,1+2+3,0.840969,0.336174,0.352552,0.264140,0.549508,0.162801,0.000000,0.000000,0.000000,0.000000,0.000000,0.000000,0.000000,0.000000,0.000000,0.000000,-3.57453433e-05,0.0131834894,0.00045544166,0.1,0.0121982706
0,1+2+3,0.742564,0.343716,0.585258,0.593386,0.250355,0.483152,0.000000,0.000000,0.000000,0.000000,0.000000,0.000000,0.000000,0.000000,0.000000,0.000000,-3.57453433e-05,0.0225479853,0.000711753394,0.1,0.0197962763
0,1+2+3,0.193534,0.275155,0.445849,0.188180,0.756046,0.773542,0.000000,0.000000,0.000000,0.000000,0.000000,0.000000,0.000000,0.000000,0.000000,0.000000,-3.57453433e-05,0.019811895,0.00057306291,0.1,0.0185274495
0,1+2+3,0.889389,0.250903,0.379672,0.597242,0.311285,0.531125,0.000000,0.000000,0.000000,0.000000,0.000000,0.000000,0.000000,0.000000,0.000000,0.000000,-3.57453433e-05,0.0200725725,0.000630708868,0.1,0.0182501567
0,1+2+3,0.127921,0.227594,0.674471,0.475441,0.250296,0.173130,0.000000,0.000000,0.000000,0.000000,0.000000,0.000000,0.000000,0.000000,0.000000,0.000000,-3.57453433e-05,0.00896702312,0.000364968435,0.1,0.00700141013
0,1+2+3,0.183006,0.647767,0.757283,0.915672,0.626331,0.748561,0.000000,0.000000,0.000000,0.000000,0.000000,0.000000,0.000000,0.000000,0.000000,0.000000,-3.57453433e-05,0.0386680443,0.00105713706,0.1,0.030996092
0,1+2+3,0.756600,0.541987,0.938160,0.623806,0.660624,0.248534,0.000000,0.000000,0.000000,0.000000,0.000000,0.000000,0.000000,0.000000,0.000000,0.000000,-3.57453433e-05,0.0350980181,0.000949138175,0.1,0.0285235497
1,1+2+4,0.941401,0.173195,0.327915,0.720469,0.000000,0.000000,0.124178,0.136705,0.000000,0.000000,0.000000,0.000000,0.000000,0.000000,0.000000,0.000000,-3.57453433e-05,0.00830208262,0.000400743328,0.1,0.00770031953
1,1+2+4,0.376283,0.329335,0.285382,0.827879,0.000000,0.000000,0.477169,0.694015,0.000000,0.000000,0.000000,0.000000,0.000000,0.000000,0.000000,0.000000,-3.57453433e-05,0.0197052513,0.000716563565,0.1,0.0177023441
1,1+2+4,0.901471,0.497000,0.671569,0.170464,0.000000,0.000000,0.597073,0.668969,0.000000,0.000000,0.000000,0.000000,0.000000,0.000000,0.000000,0.000000,-3.57453433e-05,0.0226433666,0.000742731558,0.1,0.0207549354
1,1+2+4,0.854785,0.987927,0.710205,0.476906,0.000000,0.000000,0.803433,0.512970,0.000000,0.000000,0.000000,0.000000,0.000000,0.000000,0.000000,0.000000,-3.57453433e-05,0.0273502017,0.000768590505,0.1,0.0246226771
1,1+2+4,0.544762,0.407617,0.131055,0.363967,0.000000,0.000000,0.221804,0.990843,0.000000,0.000000,0.000000,0.000000,0.000000,0.000000,0.000000,0.000000,-3.57453433e-05,0.0144191227,0.000538494636,0.1,0.0143973408
1,1+2+4,0.809547,0.260350,0.206460,0.362667,0.000000,0.000000,0.923173,0.220350,0.000000,0.000000,0.000000,0.000000,0.000000,0.000000,0.000000,0.000000,-3.57453433e-05,0.0134280954,0.000558187943,0.1,0.0132516944
1,1+2+4,0.570880,0.800443,0.462870,0.229712,0.000000,0.000000,0.757829,0.981998,0.000000,0.000000,0.000000,0.000000,0.000000,0.000000,0.000000,0.000000,-3.57453433e-05,0.0390938709,0.00115345024,0.1,0.0380398131
1,1+2+4,0.970751,0.205768,0.527270,0.512459,0.000000,0.000000,0.172770,0.990227,0.000000,0.000000,0.000000,0.000000,0.000000,0.000000,0.000000,0.000000,-3.57453433e-05,0.0176690844,0.000647771693,0.1,0.0172008492
2,1+2+5,0.591310,0.340150,0.966594,0.473272,0.000000,0.000000,0.000000,0.000000,0.323095,0.433344,0.000000,0.000000,0.000000,0.000000,0.000000,0.000000,-3.57453433e-05,0.00793806006,0.000360143065,0.1,0.00551614942
2,1+2+5,0.241458,0.701629,0.686148,0.486018,0.000000,0.000000,0.000000,0.000000,0.992074,0.645260,0.000000,0.000000,0.000000,0.000000,0.000000,0.000000,-3.57453433e-05,0.0263109921,0.000885425309,0.1,0.0225884109
2,1+2+5,0.893173,0.515670,0.175510,0.114176,0.000000,0.000000,0.000000,0.000000,0.528661,0.472041,0.000000,0.000000,0.000000,0.000000,0.000000,0.000000,-3.57453433e-05,0.00292345595,0.000240525103,0.1,0.00256346917
2,1+2+5,0.521746,0.501955,0.948665,0.341735,0.000000,0.000000,0.000000,0.000000,0.436938,0.433885,0.000000,0.000000,0.000000,0.000000,0.000000,0.000000,-3.57453433e-05,0.00816950957,0.000386350603,0.1,0.0057948122
2,1+2+5,0.297591,0.497435,0.369590,0.340287,0.000000,0.000000,0.000000,0.000000,0.856135,0.489025,0.000000,0.000000,0.000000,0.000000,0.000000,0.000000,-3.57453433e-05,0.014079021,0.000621957109,0.1,0.0122007472
2,1+2+5,0.558499,0.571237,0.744323,0.609218,0.000000,0.000000,0.000000,0.000000,0.713267,0.133915,0.000000,0.000000,0.000000,0.000000,0.000000,0.000000,-3.57453433e-05,0.0126270113,0.000468563526,0.1,0.0100466635
2,1+2+5,0.755176,0.591884,0.751132,0.733022,0.000000,0.000000,0.000000,0.000000,0.594391,0.633161,0.000000,0.000000,0.000000,0.000000,0.000000,0.000000,-3.57453433e-05,0.0152725726,0.000605872297,0.1,0.0114539198
2,1+2+5,0.858682,0.962220,0.587859,0.709421,0.000000,0.000000,0.000000,0.000000,0.306929,0.235307,0.000000,0.000000,0.000000,0.000000,0.000000,0.000000,-3.57453433e-05,0.017021259,0.000555549013,0.1,0.0164310084
3,1+2+6,0.419237,0.351712,0.770719,0.886333,0.000000,0.000000,0.000000,0.000000,0.000000,0.000000,0.967286,0.746653,0.000000,0.000000,0.000000,0.000000,-3.57453433e-05,0.00228414158,0.000231926973,0.1,0.000648240364
3,1+2+6,0.680497,0.598921,0.731809,0.958304,0.000000,0.000000,0.000000,0.000000,0.000000,0.000000,0.359763,0.633259,0.000000,0.000000,0.000000,0.000000,-3.57453433e-05,0.0145885123,0.000463666286,0.1,0.0142078614
3,1+2+6,0.578941,0.860308,0.915254,0.822757,0.000000,0.000000,0.000000,0.000000,0.000000,0.000000,0.674690,0.651760,0.000000,0.000000,0.000000,0.000000,-3.57453433e-05,0.0108679139,0.000496359609,0.1,0.0108387561
3,1+2+6,0.599428,0.122751,0.509717,0.502064,0.000000,0.000000,0.000000,0.000000,0.000000,0.000000,0.591019,0.711824,0.000000,0.000000,0.000000,0.000000,-3.57453433e-05,0.000976982414,0.000132429416,0.1,0.000473375374
3,1+2+6,0.690793,0.627206,0.877575,0.621514,0.000000,0.000000,0.000000,0.000000,0.000000,0.000000,0.904547,0.791729,0.000000,0.000000,0.000000,0.000000,-3.57453433e-05,0.00351763017,0.000237645706,0.1,0.00146442009
3,1+2+6,0.577957,0.765860,0.456510,0.318046,0.000000,0.000000,0.000000,0.000000,0.000000,0.000000,0.837655,0.530562,0.000000,0.000000,0.000000,0.000000,-3.57453433e-05,0.00121621822,0.000133602361,0.1,0.000536878785
3,1+2+6,0.767023,0.500115,0.420515,0.611750,0.000000,0.000000,0.000000,0.000000,0.000000,0.000000,0.967614,0.902553,0.000000,0.000000,0.000000,0.000000,-3.57453433e-05,0.00897778396,0.000538997513,0.1,0.00650154737
3,1+2+6,0.765378,0.763122,0.625951,0.689061,0.000000,0.000000,0.000000,0.000000,0.000000,0.000000,0.693584,0.530158,0.000000,0.000000,0.000000,0.000000,-3.57453433e-05,0.00767535344,0.00037919257,0.1,0.0077294898
4,1+2+7,0.470943,0.616759,0.636954,0.776397,0.000000,0.000000,0.000000,0.000000,0.000000,0.000000,0.000000,0.000000,0.378397,0.157697,0.000000,0.000000,-3.57453433e-05,0.0283479757,0.000941911479,0.1,0.0273747718
4,1+2+7,0.368104,0.799799,0.784829,0.256468,0.000000,0.000000,0.000000,0.000000,0.000000,0.000000,0.000000,0.000000,0.644163,0.593042,0.000000,0.000000,-3.57453433e-05,0.0199679015,0.00113197618,0.1,0.0222998569
4,1+2+7,0.235759,0.818922,0.110435,0.304783,0.000000,0.000000,0.000000,0.000000,0.000000,0.000000,0.000000,0.000000,0.529989,0.201231,0.000000,0.000000,-3.57453433e-05,0.00831812498,0.000501414761,0.1,0.00924152604
4,1+2+7,0.789169,0.588174,0.603584,0.128567,0.000000,0.000000,0.000000,0.000000,0.000000,0.000000,0.000000,0.000000,0.771648,0.379042,0.000000,0.000000,-3.57453433e-05,0.0198958134,0.000721783265,0.1,0.021224312
4,1+2+7,0.944775,0.193800,0.470369,0.278297,0.000000,0.000000,0.000000,0.000000,0.000000,0.000000,0.000000,0.000000,0.912597,0.905041,0.000000,0.000000,-3.57453433e-05,0.0112994377,0.000486064229,0.1,0.0125990761
4,1+2+7,0.748344,0.174141,0.378088,0.793734,0.000000,0.000000,0.000000,0.000000,0.000000,0.000000,0.000000,0.000000,0.603532,0.357427,0.000000,0.000000,-3.57453433e-05,0.0169154668,0.000555983564,0.1,0.0189387136
4,1+2+7,0.397001,0.555327,0.940597,0.759235,0.000000,0.000000,0.000000,0.000000,0.000000,0.000000,0.000000,0.000000,0.959394,0.928303,0.000000,0.000000,-3.57453433e-05,0.018552064,0.000701791076,0.1,0.0227661272
4,1+2+7,0.508284,0.610837,0.486663,0.879844,0.000000,0.000000,0.000000,0.000000,0.000000,0.000000,0.000000,0.000000,0.727319,0.418812,0.000000,0.000000,-3.57453433e-05,0.0279142274,0.000756871264,0.1,0.0306827273
5,1+2+8,0.122433,0.728105,0.795867,0.917086,0.000000,0.000000,0.000000,0.000000,0.000000,0.000000,0.000000,0.000000,0.000000,0.000000,0.774691,0.749948,-3.57453433e-05,0.126329335,0.0033302261,0.2,0.117029809
5,1+2+8,0.467594,0.367168,0.419971,0.423910,0.000000,0.000000,0.000000,0.000000,0.000000,0.000000,0.000000,0.000000,0.000000,0.000000,0.972289,0.390571,-3.57453433e-05,0.070403163,0.00178940961,0.2,0.070345077
5,1+2+8,0.988591,0.488424,0.958249,0.110412,0.000000,0.000000,0.000000,0.000000,0.000000,0.000000,0.000000,0.000000,0.000000,0.000000,0.609657,0.520009,-3.57453433e-05,0.0787945949,0.00200668019,0.2,0.0752028919
5,1+2+8,0.571330,0.762923,0.848714,0.799683,0.000000,0.000000,0.000000,0.000000,0.000000,0.000000,0.000000,0.000000,0.000000,0.000000,0.386565,0.606251,-3.57453433e-05,0.0941766405,0.00286013655,0.2,0.0846725972
5,1+2+8,0.106646,0.245011,0.842533,0.847522,0.000000,0.000000,0.000000,0.000000,0.000000,0.000000,0.000000,0.000000,0.000000,0.000000,0.610337,0.113569,-3.57453433e-05,0.0292420018,0.000917213158,0.1,0.023504083
5,1+2+8,0.585105,0.931385,0.813623,0.316305,0.000000,0.000000,0.000000,0.000000,0.000000,0.000000,0.000000,0.000000,0.000000,0.000000,0.407096,0.692905,-3.57453433e-05,0.0872457889,0.00164072312,0.2,0.0833706362
5,1+2+8,0.260842,0.764525,0.537218,0.951822,0.000000,0.000000,0.000000,0.000000,0.000000,0.000000,0.000000,0.000000,0.000000,0.000000,0.560922,0.606080,-3.57453433e-05,0.0937801517,0.00235703502,0.2,0.0866961228
5,1+2+8,0.907634,0.103853,0.361521,0.734210,0.000000,0.000000,0.000000,0.000000,0.000000,0.000000,0.000000,0.000000,0.000000,0.000000,0.431774,0.989331,-3.57453433e-05,0.0805540852,0.00174731454,0.2,0.0778623196
6,1+3+4,0.960945,0.828328,0.000000,0.000000,0.280585,0.415283,0.631393,0.197636,0.000000,0.000000,0.000000,0.000000,0.000000,0.000000,0.000000,0.000000,-3.57453433e-05,0.0078655994,0.000424366542,0.1,0.00745551217
6,1+3+4,0.555440,0.943775,0.000000,0.000000,0.290666,0.497052,0.906739,0.712494,0.000000,0.000000,0.000000,0.000000,0.000000,0.000000,0.000000,0.000000,-3.57453433e-05,0.0325518028,0.000940065368,0.1,0.0307448468
6,1+3+4,0.273600,0.236369,0.000000,0.000000,0.665315,0.849728,0.155517,0.606657,0.000000,0.000000,0.000000,0.000000,0.000000,0.000000,0.000000,0.000000,-3.57453433e-05,0.0156403472,0.000779249259,0.1,0.0143793852
6,1+3+4,0.466644,0.474036,0.000000,0.000000,0.893875,0.229290,0.185437,0.908980,0.000000,0.000000,0.000000,0.000000,0.000000,0.000000,0.000000,0.000000,-3.57453433e-05,0.0181545414,0.000626991968,0.1,0.0181330572
6,1+3+4,0.257499,0.457370,0.000000,0.000000,0.664684,0.768722,0.552509,0.178293,0.000000,0.000000,0.000000,0.000000,0.000000,0.000000,0.000000,0.000000,-3.57453433e-05,0.0183631232,0.000588740886,0.1,0.0163671385
6,1+3+4,0.857153,0.821552,0.000000,0.000000,0.586567,0.687619,0.352868,0.525125,0.000000,0.000000,0.000000,0.000000,0.000000,0.000000,0.000000,0.000000,-3.57453433e-05,0.0210072938,0.000682409098,0.1,0.0203306562
6,1+3+4,0.222037,0.753097,0.000000,0.000000,0.530808,0.907360,0.270448,0.883802,0.000000,0.000000,0.000000,0.000000,0.000000,0.000000,0.000000,0.000000,-3.57453433e-05,0.0263136853,0.000847350502,0.1,0.0250736184
6,1+3+4,0.681680,0.319337,0.000000,0.000000,0.148756,0.580411,0.843059,0.326032,0.000000,0.000000,0.000000,0.000000,0.000000,0.000000,0.000000,0.000000,-3.57453433e-05,0.0180913548,0.000701776118,0.1,0.0162790326
7,1+3+5,0.906628,0.203350,0.000000,0.000000,0.226838,0.238912,0.000000,0.000000,0.373557,0.599398,0.000000,0.000000,0.000000,0.000000,0.000000,0.000000,-3.57453433e-05,0.00426751743,0.000238134108,0.1,0.00438161607
7,1+3+5,0.477595,0.180922,0.000000,0.000000,0.252768,0.514293,0.000000,0.000000,0.781254,0.125422,0.000000,0.000000,0.000000,0.000000,0.000000,0.000000,-3.57453433e-05,0.00590702066,0.000301027552,0.1,0.0057162934
7,1+3+5,0.969598,0.187882,0.000000,0.000000,0.188043,0.980311,0.000000,0.000000,0.465841,0.548575,0.000000,0.000000,0.000000,0.000000,0.000000,0.000000,-3.57453433e-05,0.00587534908,0.000315075789,0.1,0.00576205844
7,1+3+5,0.667596,0.869598,0.000000,0.000000,0.328335,0.496637,0.000000,0.000000,0.870878,0.468708,0.000000,0.000000,0.000000,0.000000,0.000000,0.000000,-3.57453433e-05,0.0107068041,0.0005288197,0.1,0.0102984295
7,1+3+5,0.449421,0.892035,0.000000,0.000000,0.826140,0.772159,0.000000,0.000000,0.718965,0.145348,0.000000,0.000000,0.000000,0.000000,0.000000,0.000000,-3.57453433e-05,0.0159337944,0.000615186811,0.1,0.0153627726
7,1+3+5,0.643988,0.584638,0.000000,0.000000,0.838292,0.717816,0.000000,0.000000,0.489371,0.579228,0.000000,0.000000,0.000000,0.000000,0.000000,0.000000,-5.08586321e-05,0.0158662892,0.000504509339,0.1,0.0150951919
7,1+3+5,0.917091,0.105921,0.000000,0.000000,0.474033,0.686815,0.000000,0.000000,0.230933,0.980473,0.000000,0.000000,0.000000,0.000000,0.000000,0.000000,-5.08586321e-05,0.012660081,0.00048563666,0.1,0.0122778065
7,1+3+5,0.924336,0.825932,0.000000,0.000000,0.330634,0.446673,0.000000,0.000000,0.273210,0.938951,0.000000,0.000000,0.000000,0.000000,0.000000,0.000000,-5.08586321e-05,0.00550086336,0.000332828279,0.1,0.00546968937
8,1+3+6,0.596046,0.592650,0.000000,0.000000,0.500942,0.633340,0.000000,0.000000,0.000000,0.000000,0.571828,0.350918,0.000000,0.000000,0.000000,0.000000,-5.08586321e-05,0.00382663971,0.000252163444,0.1,0.00400312387
8,1+3+6,0.158197,0.346217,0.000000,0.000000,0.792400,0.164091,0.000000,0.000000,0.000000,0.000000,0.695836,0.145344,0.000000,0.000000,0.000000,0.000000,-5.08586321e-05,0.000599331521,0.000109984859,0.1,0.000640539163
8,1+3+6,0.622204,0.794784,0.000000,0.000000,0.544282,0.811424,0.000000,0.000000,0.000000,0.000000,0.695486,0.687680,0.000000,0.000000,0.000000,0.000000,-5.08586321e-05,0.00238908867,0.000214564441,0.1,0.00252802475
8,1+3+6,0.203760,0.462061,0.000000,0.000000,0.617972,0.942418,0.000000,0.000000,0.000000,0.000000,0.676622,0.264903,0.000000,0.000000,0.000000,0.000000,-5.08586321e-05,0.00377247529,0.000243477045,0.1,0.00382740827
8,1+3+6,0.724841,0.891322,0.000000,0.000000,0.795098,0.681049,0.000000,0.000000,0.000000,0.000000,0.898808,0.839310,0.000000,0.000000,0.000000,0.000000,-5.08586321e-05,0.00347393496,0.000257189648,0.1,0.00312786944
8,1+3+6,0.240601,0.899915,0.000000,0.000000,0.516545,0.403454,0.000000,0.000000,0.000000,0.000000,0.839188,0.508821,0.000000,0.000000,0.000000,0.000000,-5.08586321e-05,0.0014860093,0.000173484877,0.1,0.0012777064
8,1+3+6,0.863867,0.213929,0.000000,0.000000,0.900230,0.135550,0.000000,0.000000,0.000000,0.000000,0.583925,0.499265,0.000000,0.000000,0.000000,0.000000,-5.08586321e-05,0.000280883656,7.99456643e-05,0.1,0.00035834698
8,1+3+6,0.154260,0.670773,0.000000,0.000000,0.110783,0.630292,0.000000,0.000000,0.000000,0.000000,0.124428,0.521333,0.000000,0.000000,0.000000,0.000000,-5.08586321e-05,0.000599871374,0.000114830007,0.1,0.000776270666
9,1+3+7,0.259232,0.541365,0.000000,0.000000,0.584901,0.240582,0.000000,0.000000,0.000000,0.000000,0.000000,0.000000,0.653333,0.820297,0.000000,0.000000,-5.08586321e-05,0.00593448566,0.000364432071,0.1,0.00666278316
9,1+3+7,0.216539,0.489144,0.000000,0.000000,0.400944,0.624860,0.000000,0.000000,0.000000,0.000000,0.000000,0.000000,0.480412,0.125857,0.000000,0.000000,-5.08586321e-05,0.00940501643,0.000433715123,0.1,0.0102887516
9,1+3+7,0.114335,0.630125,0.000000,0.000000,0.754642,0.935364,0.000000,0.000000,0.000000,0.000000,0.000000,0.000000,0.455636,0.400008,0.000000,0.000000,-5.08586321e-05,0.02336788,0.000703265407,0.1,0.0247659281
9,1+3+7,0.328300,0.682054,0.000000,0.000000,0.153574,0.661838,0.000000,0.000000,0.000000,0.000000,0.000000,0.000000,0.265189,0.557927,0.000000,0.000000,-5.08586321e-05,0.00918711413,0.00043092576,0.1,0.01040189
9,1+3+7,0.655497,0.600027,0.000000,0.000000,0.220826,0.879155,0.000000,0.000000,0.000000,0.000000,0.000000,0.000000,0.447626,0.198342,0.000000,0.000000,-5.08586321e-05,0.0182487009,0.000676868787,0.1,0.0195770758
9,1+3+7,0.378778,0.334434,0.000000,0.000000,0.597231,0.887203,0.000000,0.000000,0.000000,0.000000,0.000000,0.000000,0.758866,0.542253,0.000000,0.000000,-5.08586321e-05,0.0144775884,0.000553119317,0.1,0.0167318775
9,1+3+7,0.171158,0.311858,0.000000,0.000000,0.797708,0.345321,0.000000,0.000000,0.000000,0.000000,0.000000,0.000000,0.311734,0.991636,0.000000,0.000000,-5.08586321e-05,0.00286628602,0.000231831935,0.1,0.00372725526
9,1+3+7,0.131167,0.708196,0.000000,0.000000,0.439013,0.195399,0.000000,0.000000,0.000000,0.000000,0.000000,0.000000,0.792329,0.886502,0.000000,0.000000,-5.08586321e-05,0.00862449624,0.000428198113,0.1,0.00867082635
10,1+3+8,0.932752,0.307137,0.000000,0.000000,0.465020,0.383615,0.000000,0.000000,0.000000,0.000000,0.000000,0.000000,0.000000,0.000000,0.135444,0.311716,-5.08586321e-05,0.0234915988,0.00074716441,0.1,0.0224601598
10,1+3+8,0.367782,0.378596,0.000000,0.000000,0.457877,0.446195,0.000000,0.000000,0.000000,0.000000,0.000000,0.000000,0.000000,0.000000,0.852461,0.489630,-5.08586321e-05,0.0704920713,0.00138168753,0.1,0.0695194068
10,1+3+8,0.986582,0.948900,0.000000,0.000000,0.448733,0.936766,0.000000,0.000000,0.000000,0.000000,0.000000,0.000000,0.000000,0.000000,0.518116,0.827146,-5.08586321e-05,0.113024164,0.00287232156,0.2,0.112344189
10,1+3+8,0.990642,0.911950,0.000000,0.000000,0.189549,0.789721,0.000000,0.000000,0.000000,0.000000,0.000000,0.000000,0.000000,0.000000,0.322448,0.780561,-5.08586321e-05,0.0609307159,0.00135216272,0.1,0.0593738083
10,1+3+8,0.909839,0.991419,0.000000,0.000000,0.892825,0.806345,0.000000,0.000000,0.000000,0.000000,0.000000,0.000000,0.000000,0.000000,0.667502,0.118718,-5.08586321e-05,0.0569078013,0.00145531218,0.1,0.0540760886
10,1+3+8,0.956389,0.263326,0.000000,0.000000,0.375825,0.260891,0.000000,0.000000,0.000000,0.000000,0.000000,0.000000,0.000000,0.000000,0.691640,0.244385,-5.08586321e-05,0.0393199941,0.000959062504,0.1,0.0393421708
10,1+3+8,0.668973,0.346089,0.000000,0.000000,0.556914,0.497063,0.000000,0.000000,0.000000,0.000000,0.000000,0.000000,0.000000,0.000000,0.247790,0.392322,-5.08586321e-05,0.0413251781,0.000911485728,0.1,0.0406153213
10,1+3+8,0.680013,0.101000,0.000000,0.000000,0.107470,0.453537,0.000000,0.000000,0.000000,0.000000,0.000000,0.000000,0.000000,0.000000,0.881666,0.821858,-5.08586321e-05,0.0792986094,0.00230297836,0.2,0.074045224
11,1+4+5,0.947626,0.986866,0.000000,0.000000,0.000000,0.000000,0.450918,0.788082,0.694619,0.910000,0.000000,0.000000,0.000000,0.000000,0.000000,0.000000,-5.08586321e-05,0.0102471969,0.000501277986,0.1,0.00883529412
11,1+4+5,0.784460,0.213987,0.000000,0.000000,0.000000,0.000000,0.941623,0.891558,0.594130,0.583727,0.000000,0.000000,0.000000,0.000000,0.000000,0.000000,-5.08586321e-05,0.0249452947,0.000895977762,0.1,0.0221904675
11,1+4+5,0.296567,0.310303,0.000000,0.000000,0.000000,0.000000,0.983648,0.838921,0.240892,0.707815,0.000000,0.000000,0.000000,0.000000,0.000000,0.000000,-5.08586321e-05,0.0177228335,0.000730798846,0.1,0.0161536454
11,1+4+5,0.253700,0.240444,0.000000,0.000000,0.000000,0.000000,0.227033,0.517013,0.534360,0.788225,0.000000,0.000000,0.000000,0.000000,0.000000,0.000000,-5.08586321e-05,0.017415791,0.00079707129,0.1,0.0164125392
11,1+4+5,0.804995,0.939561,0.000000,0.000000,0.000000,0.000000,0.693495,0.452510,0.591808,0.267756,0.000000,0.000000,0.000000,0.000000,0.000000,0.000000,-5.08586321e-05,0.0040912005,0.000277451245,0.1,0.00368875369
11,1+4+5,0.415472,0.297270,0.000000,0.000000,0.000000,0.000000,0.670871,0.791331,0.962068,0.386493,0.000000,0.000000,0.000000,0.000000,0.000000,0.000000,-5.08586321e-05,0.0309286025,0.0010054527,0.1,0.0277306989
11,1+4+5,0.746633,0.752556,0.000000,0.000000,0.000000,0.000000,0.691078,0.338062,0.664063,0.379946,0.000000,0.000000,0.000000,0.000000,0.000000,0.000000,-5.08586321e-05,0.00766177256,0.00037453962,0.1,0.00703003416
11,1+4+5,0.658268,0.244259,0.000000,0.000000,0.000000,0.000000,0.284158,0.614635,0.530626,0.353153,0.000000,0.000000,0.000000,0.000000,0.000000,0.000000,-5.08586321e-05,0.00924436044,0.000399195325,0.1,0.00852948021
12,1+4+6,0.262571,0.355061,0.000000,0.000000,0.000000,0.000000,0.552417,0.118224,0.000000,0.000000,0.701980,0.651787,0.000000,0.000000,0.000000,0.000000,-5.08586321e-05,0.00718804154,0.000345956196,0.1,0.00692566731
12,1+4+6,0.858951,0.201670,0.000000,0.000000,0.000000,0.000000,0.776929,0.157781,0.000000,0.000000,0.434733,0.426532,0.000000,0.000000,0.000000,0.000000,-5.08586321e-05,0.000411844179,9.54162456e-05,0.1,0.00048648067
12,1+4+6,0.210831,0.922885,0.000000,0.000000,0.000000,0.000000,0.637620,0.881965,0.000000,0.000000,0.967010,0.987253,0.000000,0.000000,0.000000,0.000000,-5.08586321e-05,0.0282392608,0.000911085598,0.1,0.0280595875
12,1+4+6,0.107347,0.318099,0.000000,0.000000,0.000000,0.000000,0.388118,0.637093,0.000000,0.000000,0.701005,0.528673,0.000000,0.000000,0.000000,0.000000,-5.08586321e-05,0.00707633048,0.000381073351,0.1,0.00681918632
12,1+4+6,0.167958,0.412676,0.000000,0.000000,0.000000,0.000000,0.446247,0.871431,0.000000,0.000000,0.882024,0.693539,0.000000,0.000000,0.000000,0.000000,-5.08586321e-05,0.0142077402,0.000633513725,0.1,0.0130900133
12,1+4+6,0.192121,0.814588,0.000000,0.000000,0.000000,0.000000,0.364571,0.443197,0.000000,0.000000,0.858348,0.103970,0.000000,0.000000,0.000000,0.000000,-5.08586321e-05,0.00131044758,0.000152867461,0.1,0.00131585072
12,1+4+6,0.531703,0.283110,0.000000,0.000000,0.000000,0.000000,0.510887,0.307980,0.000000,0.000000,0.698836,0.415332,0.000000,0.000000,0.000000,0.000000,-5.08586321e-05,0.00291906582,0.000220156112,0.1,0.0028612053
12,1+4+6,0.268924,0.614079,0.000000,0.000000,0.000000,0.000000,0.987100,0.140974,0.000000,0.000000,0.767054,0.474890,0.000000,0.000000,0.000000,0.000000,-5.08586321e-05,0.00231268738,0.000184991051,0.1,0.00221443623
13,1+4+7,0.410892,0.466604,0.000000,0.000000,0.000000,0.000000,0.934828,0.528202,0.000000,0.000000,0.000000,0.000000,0.708948,0.393950,0.000000,0.000000,-5.08586321e-05,0.0102361168,0.000532208434,0.1,0.012051196
13,1+4+7,0.633891,0.166158,0.000000,0.000000,0.000000,0.000000,0.516810,0.894007,0.000000,0.000000,0.000000,0.000000,0.300272,0.499232,0.000000,0.000000,-5.08586321e-05,0.01030125,0.000432623529,0.1,0.0115902809
13,1+4+7,0.262581,0.260628,0.000000,0.000000,0.000000,0.000000,0.412104,0.754476,0.000000,0.000000,0.000000,0.000000,0.937290,0.380938,0.000000,0.000000,-5.08586321e-05,0.000796227697,0.000129184933,0.1,0.00124725184
13,1+4+7,0.775939,0.731861,0.000000,0.000000,0.000000,0.000000,0.444979,0.924860,0.000000,0.000000,0.000000,0.000000,0.780649,0.596877,0.000000,0.000000,-5.08586321e-05,0.0152908802,0.000589902395,0.1,0.0172730582
13,1+4+7,0.208054,0.703998,0.000000,0.000000,0.000000,0.000000,0.190238,0.216444,0.000000,0.000000,0.000000,0.000000,0.516449,0.137065,0.000000,0.000000,-5.08586321e-05,0.00289453916,0.000212914861,0.1,0.00334047503
13,1+4+7,0.267974,0.615587,0.000000,0.000000,0.000000,0.000000,0.514511,0.572128,0.000000,0.000000,0.000000,0.000000,0.411955,0.878994,0.000000,0.000000,-5.08586321e-05,0.00235379456,0.00016685723,0.1,0.00305900516
13,1+4+7,0.169073,0.175256,0.000000,0.000000,0.000000,0.000000,0.860754,0.807264,0.000000,0.000000,0.000000,0.000000,0.847089,0.745820,0.000000,0.000000,-5.08586321e-05,0.00243111991,0.000203413373,0.1,0.00349599048
13,1+4+7,0.261073,0.691447,0.000000,0.000000,0.000000,0.000000,0.919847,0.756740,0.000000,0.000000,0.000000,0.000000,0.997031,0.129553,0.000000,0.000000,-5.08586321e-05,0.0116711519,0.000649052267,0.1,0.0133484099
14,1+4+8,0.377132,0.271718,0.000000,0.000000,0.000000,0.000000,0.489671,0.660063,0.000000,0.000000,0.000000,0.000000,0.000000,0.000000,0.764070,0.967187,-5.08586321e-05,0.0761903481,0.00192859009,0.2,0.0700126086
14,1+4+8,0.211750,0.695954,0.000000,0.000000,0.000000,0.000000,0.639760,0.178566,0.000000,0.000000,0.000000,0.000000,0.000000,0.000000,0.840498,0.635982,-5.08586321e-05,0.0654154161,0.00179986388,0.1,0.0624212436
14,1+4+8,0.133478,0.277213,0.000000,0.000000,0.000000,0.000000,0.652381,0.167050,0.000000,0.000000,0.000000,0.000000,0.000000,0.000000,0.382404,0.205721,-5.08586321e-05,0.0177626619,0.000536040586,0.1,0.0172257887
14,1+4+8,0.987986,0.538386,0.000000,0.000000,0.000000,0.000000,0.588546,0.543431,0.000000,0.000000,0.000000,0.000000,0.000000,0.000000,0.895472,0.280469,-5.08586321e-05,0.0576508252,0.00114427725,0.1,0.0569544697
14,1+4+8,0.618242,0.558921,0.000000,0.000000,0.000000,0.000000,0.110829,0.239379,0.000000,0.000000,0.000000,0.000000,0.000000,0.000000,0.335799,0.757620,-5.08586321e-05,0.0460229356,0.00185343731,0.1,0.0441105733
14,1+4+8,0.737412,0.414950,0.000000,0.000000,0.000000,0.000000,0.865544,0.698419,0.000000,0.000000,0.000000,0.000000,0.000000,0.000000,0.406650,0.216728,-5.08586321e-05,0.0534081713,0.00164082083,0.1,0.052531281
14,1+4+8,0.254350,0.941107,0.000000,0.000000,0.000000,0.000000,0.147838,0.254124,0.000000,0.000000,0.000000,0.000000,0.000000,0.000000,0.321470,0.858997,-5.08586321e-05,0.0429241088,0.00128442529,0.1,0.0412869317
14,1+4+8,0.796799,0.859658,0.000000,0.000000,0.000000,0.000000,0.341713,0.765667,0.000000,0.000000,0.000000,0.000000,0.000000,0.000000,0.258973,0.893328,-5.08586321e-05,0.0579743003,0.00139089249,0.1,0.05711169
15,1+5+6,0.114538,0.483205,0.000000,0.000000,0.000000,0.000000,0.000000,0.000000,0.440389,0.561626,0.181061,0.468117,0.000000,0.000000,0.000000,0.000000,-5.08586321e-05,0.00367031117,0.000237753151,0.1,0.00338040804
15,1+5+6,0.525985,0.515211,0.000000,0.000000,0.000000,0.000000,0.000000,0.000000,0.148029,0.693055,0.100664,0.655999,0.000000,0.000000,0.000000,0.000000,-5.08586321e-05,5.797386e-05,5.43085957e-05,0.1,0.000223941983
15,1+5+6,0.856390,0.850295,0.000000,0.000000,0.000000,0.000000,0.000000,0.000000,0.890236,0.866941,0.754902,0.115686,0.000000,0.000000,0.000000,0.000000,-4.55409768e-05,0.00354641008,0.000295321098,0.1,0.0034217458
15,1+5+6,0.484199,0.759703,0.000000,0.000000,0.000000,0.000000,0.000000,0.000000,0.354389,0.806102,0.820372,0.926965,0.000000,0.000000,0.000000,0.000000,-4.55409768e-05,0.0178563231,0.00091222463,0.1,0.0157797772
15,1+5+6,0.745931,0.351486,0.000000,0.000000,0.000000,0.000000,0.000000,0.000000,0.122732,0.209342,0.256737,0.138868,0.000000,0.000000,0.000000,0.000000,-4.55409768e-05,0.000929205566,0.00012695854,0.1,0.00121841059
15,1+5+6,0.906908,0.325158,0.000000,0.000000,0.000000,0.000000,0.000000,0.000000,0.790536,0.455899,0.215201,0.143775,0.000000,0.000000,0.000000,0.000000,-4.55409768e-05,0.00140199011,0.000162561231,0.1,0.00146585358
15,1+5+6,0.873979,0.556449,0.000000,0.000000,0.000000,0.000000,0.000000,0.000000,0.668748,0.258636,0.207339,0.803459,0.000000,0.000000,0.000000,0.000000,-4.55409768e-05,0.000620974696,0.000104597243,0.1,0.000798068691
15,1+5+6,0.366433,0.504262,0.000000,0.000000,0.000000,0.000000,0.000000,0.000000,0.810438,0.668358,0.129050,0.897264,0.000000,0.000000,0.000000,0.000000,-4.55409768e-05,0.00799346295,0.000423780017,0.1,0.00737498954
16,1+5+7,0.549697,0.964164,0.000000,0.000000,0.000000,0.000000,0.000000,0.000000,0.118256,0.859738,0.000000,0.000000,0.273286,0.214312,0.000000,0.000000,-4.55409768e-05,0.00680850085,0.00034541075,0.1,0.00726125037
16,1+5+7,0.826004,0.120645,0.000000,0.000000,0.000000,0.000000,0.000000,0.000000,0.726446,0.904750,0.000000,0.000000,0.439764,0.243322,0.000000,0.000000,-4.55409768e-05,0.00549880097,0.000312337262,0.1,0.00633135692
16,1+5+7,0.145850,0.974758,0.000000,0.000000,0.000000,0.000000,0.000000,0.000000,0.475991,0.508370,0.000000,0.000000,0.813520,0.769575,0.000000,0.000000,-4.55409768e-05,0.0120239252,0.00047411651,0.1,0.0118679894
16,1+5+7,0.868953,0.315570,0.000000,0.000000,0.000000,0.000000,0.000000,0.000000,0.840664,0.995514,0.000000,0.000000,0.443363,0.103154,0.000000,0.000000,-4.55409768e-05,0.0170694959,0.00060931663,0.1,0.0187035384
16,1+5+7,0.619102,0.882115,0.000000,0.000000,0.000000,0.000000,0.000000,0.000000,0.342330,0.870230,0.000000,0.000000,0.510602,0.489199,0.000000,0.000000,-4.55409768e-05,0.00709139195,0.000395936222,0.1,0.00773569043
16,1+5+7,0.653472,0.618046,0.000000,0.000000,0.000000,0.000000,0.000000,0.000000,0.539930,0.941704,0.000000,0.000000,0.680758,0.703704,0.000000,0.000000,-4.55409768e-05,0.00254678365,0.000228617288,0.1,0.00319558575
16,1+5+7,0.185359,0.151003,0.000000,0.000000,0.000000,0.000000,0.000000,0.000000,0.321115,0.801159,0.000000,0.000000,0.104677,0.870129,0.000000,0.000000,-4.55409768e-05,0.000328386413,8.46993037e-05,0.1,0.000380462941
16,1+5+7,0.219463,0.442921,0.000000,0.000000,0.000000,0.000000,0.000000,0.000000,0.923671,0.393527,0.000000,0.000000,0.964649,0.139205,0.000000,0.000000,-4.55409768e-05,0.000324813595,8.6568698e-05,0.1,0.000477748476
17,1+5+8,0.869418,0.990042,0.000000,0.000000,0.000000,0.000000,0.000000,0.000000,0.806036,0.891790,0.000000,0.000000,0.000000,0.000000,0.896989,0.422852,-4.55409768e-05,0.0609789113,0.00161503855,0.1,0.0589366432
17,1+5+8,0.677281,0.793250,0.000000,0.000000,0.000000,0.000000,0.000000,0.000000,0.726411,0.144294,0.000000,0.000000,0.000000,0.000000,0.940207,0.517675,-4.55409768e-05,0.0669435507,0.00159472416,0.1,0.0658213624
17,1+5+8,0.171270,0.811505,0.000000,0.000000,0.000000,0.000000,0.000000,0.000000,0.689472,0.371112,0.000000,0.000000,0.000000,0.000000,0.938713,0.313736,-4.55409768e-05,0.0284559091,0.000960673924,0.1,0.0272157618
17,1+5+8,0.595154,0.983359,0.000000,0.000000,0.000000,0.000000,0.000000,0.000000,0.358359,0.568173,0.000000,0.000000,0.000000,0.000000,0.955473,0.812523,-4.55409768e-05,0.091451936,0.00232108606,0.2,0.0893169554
17,1+5+8,0.227614,0.791644,0.000000,0.000000,0.000000,0.000000,0.000000,0.000000,0.737295,0.849206,0.000000,0.000000,0.000000,0.000000,0.461137,0.682089,-4.55409768e-05,0.0536817752,0.00122914732,0.1,0.0517023822
17,1+5+8,0.856364,0.907960,0.000000,0.000000,0.000000,0.000000,0.000000,0.000000,0.630598,0.109114,0.000000,0.000000,0.000000,0.000000,0.998909,0.263012,-4.55409768e-05,0.0480450543,0.00156564973,0.1,0.0476788275
17,1+5+8,0.774952,0.621163,0.000000,0.000000,0.000000,0.000000,0.000000,0.000000,0.332961,0.862177,0.000000,0.000000,0.000000,0.000000,0.933335,0.949415,-4.55409768e-05,0.086144523,0.00212175575,0.2,0.0838086053
17,1+5+8,0.873002,0.166108,0.000000,0.000000,0.000000,0.000000,0.000000,0.000000,0.548746,0.649382,0.000000,0.000000,0.000000,0.000000,0.977990,0.743582,-4.55409768e-05,0.0530322039,0.00146560321,0.1,0.0509168397
18,1+6+7,0.388786,0.312903,0.000000,0.000000,0.000000,0.000000,0.000000,0.000000,0.000000,0.000000,0.364414,0.235922,0.199940,0.632746,0.000000,0.000000,-4.55409768e-05,0.00605360709,0.000327115774,0.1,0.00611593108
18,1+6+7,0.651706,0.357338,0.000000,0.000000,0.000000,0.000000,0.000000,0.000000,0.000000,0.000000,0.343081,0.985490,0.228878,0.789002,0.000000,0.000000,-4.55409768e-05,0.00441032081,0.000284264757,0.1,0.00378987539
18,1+6+7,0.272285,0.595276,0.000000,0.000000,0.000000,0.000000,0.000000,0.000000,0.000000,0.000000,0.100205,0.880728,0.497410,0.147919,0.000000,0.000000,-4.55409768e-05,0.00370728523,0.000253586519,0.1,0.00313941371
18,1+6+7,0.561797,0.893999,0.000000,0.000000,0.000000,0.000000,0.000000,0.000000,0.000000,0.000000,0.654715,0.812883,0.472104,0.187853,0.000000,0.000000,-4.55409768e-05,0.00490152757,0.000352941686,0.1,0.00417354604
18,1+6+7,0.914446,0.407630,0.000000,0.000000,0.000000,0.000000,0.000000,0.000000,0.000000,0.000000,0.337634,0.698226,0.597072,0.720793,0.000000,0.000000,-4.55409768e-05,0.026497356,0.000672334499,0.1,0.0245653194
18,1+6+7,0.208112,0.515846,0.000000,0.000000,0.000000,0.000000,0.000000,0.000000,0.000000,0.000000,0.722766,0.368962,0.997204,0.516151,0.000000,0.000000,-4.55409768e-05,0.0252845713,0.000947606818,0.1,0.0232232988
18,1+6+7,0.184798,0.443528,0.000000,0.000000,0.000000,0.000000,0.000000,0.000000,0.000000,0.000000,0.183846,0.234449,0.605367,0.233260,0.000000,0.000000,-4.55409768e-05,0.00658287819,0.000335574058,0.1,0.00631428471
18,1+6+7,0.267529,0.556229,0.000000,0.000000,0.000000,0.000000,0.000000,0.000000,0.000000,0.000000,0.555014,0.191181,0.313960,0.303993,0.000000,0.000000,-4.55409768e-05,0.00503748548,0.000311838298,0.1,0.00494512345
19,1+6+8,0.773084,0.747039,0.000000,0.000000,0.000000,0.000000,0.000000,0.000000,0.000000,0.000000,0.835920,0.448812,0.000000,0.000000,0.767335,0.757622,-4.55409768e-05,0.0617080974,0.00174729839,0.1,0.0603100219
19,1+6+8,0.691977,0.610470,0.000000,0.000000,0.000000,0.000000,0.000000,0.000000,0.000000,0.000000,0.249408,0.490377,0.000000,0.000000,0.607138,0.269211,-4.55409768e-05,0.0229802897,0.000677458439,0.1,0.0231590359
19,1+6+8,0.224154,0.743162,0.000000,0.000000,0.000000,0.000000,0.000000,0.000000,0.000000,0.000000,0.113357,0.577949,0.000000,0.000000,0.705619,0.637311,-4.55409768e-05,0.0526777333,0.00111284716,0.1,0.0514536487
19,1+6+8,0.692723,0.755248,0.000000,0.000000,0.000000,0.000000,0.000000,0.000000,0.000000,0.000000,0.452975,0.845001,0.000000,0.000000,0.286612,0.589633,-4.55409768e-05,0.013048971,0.000494713282,0.1,0.012808804
19,1+6+8,0.379624,0.338297,0.000000,0.000000,0.000000,0.000000,0.000000,0.000000,0.000000,0.000000,0.125663,0.625169,0.000000,0.000000,0.276125,0.258946,-4.55409768e-05,0.00673576955,0.000320260978,0.1,0.00700615358
19,1+6+8,0.401715,0.931670,0.000000,0.000000,0.000000,0.000000,0.000000,0.000000,0.000000,0.000000,0.328614,0.906352,0.000000,0.000000,0.433701,0.290582,-4.55409768e-05,0.00892111757,0.000425131185,0.1,0.00850847168
19,1+6+8,0.809178,0.995858,0.000000,0.000000,0.000000,0.000000,0.000000,0.000000,0.000000,0.000000,0.887164,0.533741,0.000000,0.000000,0.790394,0.796023,-4.55409768e-05,0.0655648323,0.00153253031,0.1,0.0659550467
19,1+6+8,0.914146,0.200269,0.000000,0.000000,0.000000,0.000000,0.000000,0.000000,0.000000,0.000000,0.205148,0.150689,0.000000,0.000000,0.369503,0.381160,-4.55409768e-05,0.0212275797,0.00071651872,0.1,0.0207676048
20,1+7+8,0.762728,0.248169,0.000000,0.000000,0.000000,0.000000,0.000000,0.000000,0.000000,0.000000,0.000000,0.000000,0.338862,0.963261,0.335316,0.887668,-4.55409768e-05,0.0517753854,0.00106125223,0.1,0.049016555
20,1+7+8,0.182474,0.945027,0.000000,0.000000,0.000000,0.000000,0.000000,0.000000,0.000000,0.000000,0.000000,0.000000,0.184057,0.980647,0.783431,0.519202,-4.55409768e-05,0.0699145501,0.00146029575,0.1,0.0649856822
20,1+7+8,0.556217,0.824955,0.000000,0.000000,0.000000,0.000000,0.000000,0.000000,0.000000,0.000000,0.000000,0.000000,0.900685,0.569917,0.804057,0.612652,-4.55409768e-05,0.0994334201,0.00205741824,0.2,0.0957123913
20,1+7+8,0.268294,0.444300,0.000000,0.000000,0.000000,0.000000,0.000000,0.000000,0.000000,0.000000,0.000000,0.000000,0.543389,0.294911,0.881815,0.595486,-4.55409768e-05,0.0920536126,0.00263568902,0.2,0.0880017926
20,1+7+8,0.105217,0.700281,0.000000,0.000000,0.000000,0.000000,0.000000,0.000000,0.000000,0.000000,0.000000,0.000000,0.900670,0.455430,0.456026,0.986005,-4.55409768e-05,0.0715679261,0.00198305873,0.2,0.0712432143
20,1+7+8,0.301990,0.658659,0.000000,0.000000,0.000000,0.000000,0.000000,0.000000,0.000000,0.000000,0.000000,0.000000,0.578925,0.981987,0.980898,0.607208,-4.55409768e-05,0.0908569468,0.00210500712,0.2,0.0880249864
20,1+7+8,0.396722,0.548907,0.000000,0.000000,0.000000,0.000000,0.000000,0.000000,0.000000,0.000000,0.000000,0.000000,0.833325,0.272812,0.223560,0.837128,-4.55409768e-05,0.0385562214,0.00112626096,0.1,0.0396696364
20,1+7+8,0.381241,0.580823,0.000000,0.000000,0.000000,0.000000,0.000000,0.000000,0.000000,0.000000,0.000000,0.000000,0.448164,0.472850,0.246464,0.804810,-4.55409768e-05,0.0475408609,0.00147371433,0.1,0.0470037233
21,2+3+4,0.000000,0.000000,0.507155,0.250996,0.296671,0.320364,0.356757,0.249869,0.000000,0.000000,0.000000,0.000000,0.000000,0.000000,0.000000,0.000000,-4.55409768e-05,0.00930010889,0.000435138759,0.1,0.00759483249
21,2+3+4,0.000000,0.000000,0.550468,0.699051,0.941053,0.260329,0.319918,0.461047,0.000000,0.000000,0.000000,0.000000,0.000000,0.000000,0.000000,0.000000,-4.55409768e-05,0.0189670088,0.000624949704,0.1,0.0154207595
21,2+3+4,0.000000,0.000000,0.224018,0.229515,0.140521,0.212022,0.847933,0.471421,0.000000,0.000000,0.000000,0.000000,0.000000,0.000000,0.000000,0.000000,-4.55409768e-05,0.0141293734,0.000529383335,0.1,0.0126463489
21,2+3+4,0.000000,0.000000,0.374243,0.213614,0.472185,0.453925,0.576182,0.279587,0.000000,0.000000,0.000000,0.000000,0.000000,0.000000,0.000000,0.000000,-4.55409768e-05,0.0157081686,0.000642054976,0.1,0.013259099
21,2+3+4,0.000000,0.000000,0.776911,0.808539,0.661069,0.940230,0.227073,0.901883,0.000000,0.000000,0.000000,0.000000,0.000000,0.000000,0.000000,0.000000,-4.55409768e-05,0.0369367097,0.000948780503,0.1,0.0306926242
21,2+3+4,0.000000,0.000000,0.619901,0.899829,0.170456,0.312213,0.951259,0.966777,0.000000,0.000000,0.000000,0.000000,0.000000,0.000000,0.000000,0.000000,-4.55409768e-05,0.0394601185,0.00106969238,0.1,0.0338600593
21,2+3+4,0.000000,0.000000,0.569460,0.673244,0.322835,0.398785,0.542259,0.518020,0.000000,0.000000,0.000000,0.000000,0.000000,0.000000,0.000000,0.000000,-4.55409768e-05,0.0213044412,0.000649565078,0.1,0.016669127
21,2+3+4,0.000000,0.000000,0.656686,0.575418,0.655972,0.818073,0.756654,0.676368,0.000000,0.000000,0.000000,0.000000,0.000000,0.000000,0.000000,0.000000,-4.55409768e-05,0.049950304,0.00110806664,0.1,0.0415363184
22,2+3+5,0.000000,0.000000,0.384824,0.174807,0.215097,0.509553,0.000000,0.000000,0.590143,0.204892,0.000000,0.000000,0.000000,0.000000,0.000000,0.000000,-4.55409768e-05,0.00562629569,0.00029673828,0.1,0.00474139487
22,2+3+5,0.000000,0.000000,0.961634,0.931858,0.602993,0.944390,0.000000,0.000000,0.210663,0.269308,0.000000,0.000000,0.000000,0.000000,0.000000,0.000000,-4.55409768e-05,0.0196548268,0.000801710959,0.1,0.0162833318
22,2+3+5,0.000000,0.000000,0.879880,0.977019,0.302423,0.801177,0.000000,0.000000,0.363217,0.725620,0.000000,0.000000,0.000000,0.000000,0.000000,0.000000,-4.55409768e-05,0.00683102032,0.000381910384,0.1,0.00379220901
22,2+3+5,0.000000,0.000000,0.701738,0.746478,0.725125,0.410939,0.000000,0.000000,0.618970,0.341637,0.000000,0.000000,0.000000,0.000000,0.000000,0.000000,-4.55409768e-05,0.0123987645,0.000480212507,0.1,0.00845082426
22,2+3+5,0.000000,0.000000,0.622641,0.156471,0.305041,0.299284,0.000000,0.000000,0.104436,0.429981,0.000000,0.000000,0.000000,0.000000,0.000000,0.000000,-4.55409768e-05,0.0036357325,0.000249447632,0.1,0.0027502447
22,2+3+5,0.000000,0.000000,0.826626,0.309027,0.568919,0.124088,0.000000,0.000000,0.258275,0.917881,0.000000,0.000000,0.000000,0.000000,0.000000,0.000000,-4.55409768e-05,0.00913624423,0.000425338926,0.1,0.00680437748
22,2+3+5,0.000000,0.000000,0.912303,0.761970,0.793645,0.669185,0.000000,0.000000,0.929438,0.294522,0.000000,0.000000,0.000000,0.000000,0.000000,0.000000,-4.55409768e-05,0.0197936207,0.000683906285,0.1,0.0144519754
22,2+3+5,0.000000,0.000000,0.259641,0.471222,0.683373,0.541169,0.000000,0.000000,0.212791,0.181028,0.000000,0.000000,0.000000,0.000000,0.000000,0.000000,-3.20611809e-05,0.00856179787,0.000373001479,0.1,0.00711285329
23,2+3+6,0.000000,0.000000,0.927261,0.485320,0.530988,0.316328,0.000000,0.000000,0.000000,0.000000,0.866754,0.204626,0.000000,0.000000,0.000000,0.000000,-3.20611809e-05,0.00224728993,0.000173128478,0.1,0.0014766116
23,2+3+6,0.000000,0.000000,0.526698,0.658736,0.528438,0.474235,0.000000,0.000000,0.000000,0.000000,0.796492,0.497984,0.000000,0.000000,0.000000,0.000000,-3.20611809e-05,0.00269053877,0.000262857822,0.1,0.00103852713
23,2+3+6,0.000000,0.000000,0.880579,0.167832,0.284173,0.295365,0.000000,0.000000,0.000000,0.000000,0.998608,0.950709,0.000000,0.000000,0.000000,0.000000,-3.20611809e-05,0.0221125453,0.000939553494,0.1,0.0197835965
23,2+3+6,0.000000,0.000000,0.373669,0.839665,0.502995,0.876013,0.000000,0.000000,0.000000,0.000000,0.498634,0.541951,0.000000,0.000000,0.000000,0.000000,-3.20611809e-05,0.00436848547,0.000279241555,0.1,0.00366826495
23,2+3+6,0.000000,0.000000,0.834855,0.934601,0.154768,0.899170,0.000000,0.000000,0.000000,0.000000,0.914908,0.886143,0.000000,0.000000,0.000000,0.000000,-3.20611809e-05,0.00216113733,0.000270288235,0.1,0.000776856314
23,2+3+6,0.000000,0.000000,0.496034,0.505300,0.415544,0.266408,0.000000,0.000000,0.000000,0.000000,0.764774,0.815350,0.000000,0.000000,0.000000,0.000000,-3.20611809e-05,0.00737926085,0.000396961797,0.1,0.00539287777
23,2+3+6,0.000000,0.000000,0.746419,0.773510,0.320319,0.864091,0.000000,0.000000,0.000000,0.000000,0.574000,0.842204,0.000000,0.000000,0.000000,0.000000,-3.20611809e-05,0.00199051967,0.000214291489,0.1,0.000793847619
23,2+3+6,0.000000,0.000000,0.942032,0.784173,0.894174,0.449348,0.000000,0.000000,0.000000,0.000000,0.695654,0.428339,0.000000,0.000000,0.000000,0.000000,-3.20611809e-05,0.00727358005,0.000330128596,0.1,0.00656970363
24,2+3+7,0.000000,0.000000,0.927569,0.595827,0.568946,0.178108,0.000000,0.000000,0.000000,0.000000,0.000000,0.000000,0.795118,0.670410,0.000000,0.000000,-3.20611809e-05,0.0147552339,0.00104917743,0.1,0.0192790804
24,2+3+7,0.000000,0.000000,0.488416,0.362793,0.486427,0.954321,0.000000,0.000000,0.000000,0.000000,0.000000,0.000000,0.541960,0.531738,0.000000,0.000000,-3.20611809e-05,0.0171655705,0.000633623369,0.1,0.0207714804
24,2+3+7,0.000000,0.000000,0.454085,0.551827,0.212084,0.974689,0.000000,0.000000,0.000000,0.000000,0.000000,0.000000,0.185571,0.499632,0.000000,0.000000,-3.20611809e-05,0.0143817761,0.000577857614,0.1,0.0158374549
24,2+3+7,0.000000,0.000000,0.379945,0.510102,0.298258,0.765045,0.000000,0.000000,0.000000,0.000000,0.000000,0.000000,0.171943,0.769090,0.000000,0.000000,-3.20611809e-05,0.00919537206,0.000447246823,0.1,0.0108487806
24,2+3+7,0.000000,0.000000,0.324096,0.484103,0.444021,0.794758,0.000000,0.000000,0.000000,0.000000,0.000000,0.000000,0.878575,0.145653,0.000000,0.000000,-3.20611809e-05,0.00994425551,0.000445071588,0.1,0.0117252948
24,2+3+7,0.000000,0.000000,0.787502,0.286858,0.101522,0.303314,0.000000,0.000000,0.000000,0.000000,0.000000,0.000000,0.146446,0.595518,0.000000,0.000000,-3.20611809e-05,0.0055911156,0.00035031774,0.1,0.00659491874
24,2+3+7,0.000000,0.000000,0.863647,0.296241,0.269976,0.379568,0.000000,0.000000,0.000000,0.000000,0.000000,0.000000,0.595339,0.397215,0.000000,0.000000,-3.20611809e-05,0.00868662516,0.000426788407,0.1,0.0105508239
24,2+3+7,0.000000,0.000000,0.458323,0.938849,0.759176,0.180677,0.000000,0.000000,0.000000,0.000000,0.000000,0.000000,0.233751,0.331522,0.000000,0.000000,-3.20611809e-05,0.0165639261,0.000759734397,0.1,0.0157766003
25,2+3+8,0.000000,0.000000,0.595656,0.984665,0.916877,0.989083,0.000000,0.000000,0.000000,0.000000,0.000000,0.000000,0.000000,0.000000,0.216590,0.358918,-3.20611809e-05,0.0612245117,0.00195386777,0.1,0.0540960261
25,2+3+8,0.000000,0.000000,0.118434,0.467468,0.609172,0.337644,0.000000,0.000000,0.000000,0.000000,0.000000,0.000000,0.000000,0.000000,0.998027,0.222268,-3.20611809e-05,0.0383572926,0.00126826714,0.1,0.0371321305
25,2+3+8,0.000000,0.000000,0.628273,0.782535,0.172745,0.779058,0.000000,0.000000,0.000000,0.000000,0.000000,0.000000,0.000000,0.000000,0.201082,0.748541,-3.20611809e-05,0.0499599968,0.00176829734,0.1,0.0463379436
25,2+3+8,0.000000,0.000000,0.410609,0.200975,0.993217,0.321475,0.000000,0.000000,0.000000,0.000000,0.000000,0.000000,0.000000,0.000000,0.499645,0.870426,-3.20611809e-05,0.0811784205,0.00184671936,0.2,0.0790675181
25,2+3+8,0.000000,0.000000,0.348670,0.256879,0.737556,0.536533,0.000000,0.000000,0.000000,0.000000,0.000000,0.000000,0.000000,0.000000,0.267206,0.837851,-3.20611809e-05,0.0576034159,0.00165830538,0.1,0.0566636422
25,2+3+8,0.000000,0.000000,0.909116,0.627242,0.720971,0.404807,0.000000,0.000000,0.000000,0.000000,0.000000,0.000000,0.000000,0.000000,0.958654,0.739276,-3.20611809e-05,0.130446039,0.00256574865,0.2,0.127691083
25,2+3+8,0.000000,0.000000,0.779902,0.613140,0.692667,0.373360,0.000000,0.000000,0.000000,0.000000,0.000000,0.000000,0.000000,0.000000,0.124979,0.486957,-3.20611809e-05,0.0396811288,0.0014967249,0.1,0.0337034185
25,2+3+8,0.000000,0.000000,0.516996,0.782651,0.396130,0.533091,0.000000,0.000000,0.000000,0.000000,0.000000,0.000000,0.000000,0.000000,0.651085,0.123860,-3.20611809e-05,0.0402127261,0.00115602333,0.1,0.0352528327
26,2+4+5,0.000000,0.000000,0.799714,0.256681,0.000000,0.000000,0.739108,0.781559,0.609546,0.263598,0.000000,0.000000,0.000000,0.000000,0.000000,0.000000,-3.20611809e-05,0.0175858607,0.0006898091,0.1,0.0140790337
26,2+4+5,0.000000,0.000000,0.925997,0.738802,0.000000,0.000000,0.314328,0.432712,0.777433,0.823354,0.000000,0.000000,0.000000,0.000000,0.000000,0.000000,-3.20611809e-05,0.015652915,0.000539886643,0.1,0.0102582663
26,2+4+5,0.000000,0.000000,0.128197,0.163683,0.000000,0.000000,0.869314,0.185272,0.346929,0.575831,0.000000,0.000000,0.000000,0.000000,0.000000,0.000000,-3.20611809e-05,0.00987014348,0.000504901522,0.1,0.00896098406
26,2+4+5,0.000000,0.000000,0.807366,0.208225,0.000000,0.000000,0.803235,0.866647,0.496900,0.934883,0.000000,0.000000,0.000000,0.000000,0.000000,0.000000,-3.20611809e-05,0.0352449381,0.00106228742,0.1,0.0301376737
26,2+4+5,0.000000,0.000000,0.483753,0.184289,0.000000,0.000000,0.922319,0.795412,0.681107,0.678006,0.000000,0.000000,0.000000,0.000000,0.000000,0.000000,-3.20611809e-05,0.031115083,0.00100566695,0.1,0.026865258
26,2+4+5,0.000000,0.000000,0.534916,0.245592,0.000000,0.000000,0.294455,0.199246,0.427046,0.570388,0.000000,0.000000,0.000000,0.000000,0.000000,0.000000,-3.20611809e-05,0.00863963224,0.000446241987,0.1,0.00689571368
26,2+4+5,0.000000,0.000000,0.402681,0.948115,0.000000,0.000000,0.423007,0.658765,0.693827,0.833004,0.000000,0.000000,0.000000,0.000000,0.000000,0.000000,-3.20611809e-05,0.0250859811,0.000939924092,0.1,0.0193420946
26,2+4+5,0.000000,0.000000,0.997902,0.646967,0.000000,0.000000,0.385108,0.757400,0.413368,0.767768,0.000000,0.000000,0.000000,0.000000,0.000000,0.000000,-3.20611809e-05,0.0089771662,0.000404333951,0.1,0.0051747103
27,2+4+6,0.000000,0.000000,0.304603,0.115482,0.000000,0.000000,0.712440,0.292955,0.000000,0.000000,0.197982,0.957543,0.000000,0.000000,0.000000,0.000000,-3.20611809e-05,0.00549301309,0.000408213898,0.1,0.00474921209
27,2+4+6,0.000000,0.000000,0.192015,0.584154,0.000000,0.000000,0.305920,0.479690,0.000000,0.000000,0.756692,0.794167,0.000000,0.000000,0.000000,0.000000,-3.20611809e-05,0.0137325808,0.000656871926,0.1,0.0116592518
27,2+4+6,0.000000,0.000000,0.142401,0.227017,0.000000,0.000000,0.254414,0.782636,0.000000,0.000000,0.412176,0.317240,0.000000,0.000000,0.000000,0.000000,-3.20611809e-05,0.00177621689,0.000203323689,0.1,0.00145288848
27,2+4+6,0.000000,0.000000,0.373899,0.106751,0.000000,0.000000,0.943332,0.632250,0.000000,0.000000,0.155450,0.256581,0.000000,0.000000,0.000000,0.000000,-3.20611809e-05,0.00719387184,0.000357045653,0.1,0.00707423014
27,2+4+6,0.000000,0.000000,0.964924,0.790726,0.000000,0.000000,0.280659,0.380330,0.000000,0.000000,0.391527,0.135893,0.000000,0.000000,0.000000,0.000000,-3.20611809e-05,0.00357102729,0.000244454644,0.1,0.00402051831
27,2+4+6,0.000000,0.000000,0.267869,0.500136,0.000000,0.000000,0.847561,0.854133,0.000000,0.000000,0.634876,0.959744,0.000000,0.000000,0.000000,0.000000,-3.20611809e-05,0.0144345329,0.00061334927,0.1,0.011879987
27,2+4+6,0.000000,0.000000,0.745039,0.798470,0.000000,0.000000,0.458432,0.238583,0.000000,0.000000,0.630642,0.714842,0.000000,0.000000,0.000000,0.000000,-3.20611809e-05,0.00072711139,0.00011502933,0.1,0.000741504393
27,2+4+6,0.000000,0.000000,0.542673,0.599556,0.000000,0.000000,0.620297,0.298460,0.000000,0.000000,0.649774,0.190501,0.000000,0.000000,0.000000,0.000000,-3.20611809e-05,0.00183475526,0.000180682202,0.1,0.00103139343
28,2+4+7,0.000000,0.000000,0.491312,0.165064,0.000000,0.000000,0.339369,0.689079,0.000000,0.000000,0.000000,0.000000,0.978768,0.365365,0.000000,0.000000,-3.20611809e-05,0.000709966834,0.000114050366,0.1,0.0011087699
28,2+4+7,0.000000,0.000000,0.800447,0.136409,0.000000,0.000000,0.786809,0.422194,0.000000,0.000000,0.000000,0.000000,0.993196,0.543873,0.000000,0.000000,-3.20611809e-05,0.00141794267,0.000153668281,0.1,0.00196802767
28,2+4+7,0.000000,0.000000,0.371176,0.549916,0.000000,0.000000,0.409011,0.711965,0.000000,0.000000,0.000000,0.000000,0.435421,0.633783,0.000000,0.000000,-3.20611809e-05,0.00440346422,0.000296100857,0.1,0.00607606836
28,2+4+7,0.000000,0.000000,0.577308,0.467537,0.000000,0.000000,0.845257,0.932542,0.000000,0.000000,0.000000,0.000000,0.292005,0.261420,0.000000,0.000000,-3.20611809e-05,0.0287930585,0.000842134828,0.1,0.0300059699
28,2+4+7,0.000000,0.000000,0.523457,0.664345,0.000000,0.000000,0.305128,0.290698,0.000000,0.000000,0.000000,0.000000,0.402159,0.108270,0.000000,0.000000,-3.20611809e-05,0.00579685054,0.00032875944,0.1,0.00592115066
28,2+4+7,0.000000,0.000000,0.691085,0.403438,0.000000,0.000000,0.937068,0.128285,0.000000,0.000000,0.000000,0.000000,0.592349,0.996423,0.000000,0.000000,-3.20611809e-05,0.00361575954,0.000260143783,0.1,0.00528529207
28,2+4+7,0.000000,0.000000,0.900709,0.485996,0.000000,0.000000,0.986244,0.674648,0.000000,0.000000,0.000000,0.000000,0.321361,0.438075,0.000000,0.000000,-3.20611809e-05,0.0290971957,0.00126340849,0.1,0.0305428447
28,2+4+7,0.000000,0.000000,0.569057,0.533308,0.000000,0.000000,0.430935,0.739362,0.000000,0.000000,0.000000,0.000000,0.584178,0.845062,0.000000,0.000000,-3.20611809e-05,0.00323706072,0.000341403877,0.1,0.00531810264
29,2+4+8,0.000000,0.000000,0.345162,0.374344,0.000000,0.000000,0.855105,0.703824,0.000000,0.000000,0.000000,0.000000,0.000000,0.000000,0.675139,0.598956,-3.20611809e-05,0.0886329644,0.00187854022,0.2,0.0860198452
29,2+4+8,0.000000,0.000000,0.737145,0.204352,0.000000,0.000000,0.121962,0.580042,0.000000,0.000000,0.000000,0.000000,0.000000,0.000000,0.661161,0.796497,-3.20611809e-05,0.0605126234,0.00269776978,0.1,0.060206242
29,2+4+8,0.000000,0.000000,0.261633,0.566776,0.000000,0.000000,0.397285,0.457996,0.000000,0.000000,0.000000,0.000000,0.000000,0.000000,0.418482,0.920024,-3.20611809e-05,0.0496562819,0.00170447287,0.1,0.0490489233
29,2+4+8,0.000000,0.000000,0.589231,0.835822,0.000000,0.000000,0.518037,0.272053,0.000000,0.000000,0.000000,0.000000,0.000000,0.000000,0.598045,0.906886,-3.20611809e-05,0.0810781251,0.00246552394,0.2,0.0785367551
29,2+4+8,0.000000,0.000000,0.892355,0.236693,0.000000,0.000000,0.879218,0.598744,0.000000,0.000000,0.000000,0.000000,0.000000,0.000000,0.444281,0.181900,-3.20611809e-05,0.0448246029,0.00120918982,0.1,0.0419991013
29,2+4+8,0.000000,0.000000,0.500100,0.835888,0.000000,0.000000,0.302200,0.202026,0.000000,0.000000,0.000000,0.000000,0.000000,0.000000,0.395484,0.239084,-3.20611809e-05,0.0247344375,0.00090130588,0.1,0.0217173234
29,2+4+8,0.000000,0.000000,0.111247,0.878622,0.000000,0.000000,0.688828,0.972072,0.000000,0.000000,0.000000,0.000000,0.000000,0.000000,0.279472,0.429949,-3.20611809e-05,0.053616225,0.00164085035,0.1,0.0528723528
29,2+4+8,0.000000,0.000000,0.688439,0.956231,0.000000,0.000000,0.666997,0.581448,0.000000,0.000000,0.000000,0.000000,0.000000,0.000000,0.309026,0.994830,-3.20611809e-05,0.0716994319,0.001624629,0.1,0.0661951406
30,2+5+6,0.000000,0.000000,0.947089,0.481894,0.000000,0.000000,0.000000,0.000000,0.195899,0.858784,0.873719,0.926704,0.000000,0.000000,0.000000,0.000000,-3.20611809e-05,0.0143284037,0.000470531986,0.1,0.0108000426
30,2+5+6,0.000000,0.000000,0.151473,0.669332,0.000000,0.000000,0.000000,0.000000,0.161511,0.590394,0.170149,0.275710,0.000000,0.000000,0.000000,0.000000,-3.20611809e-05,0.000713509114,0.000103617258,0.1,0.000378075728
30,2+5+6,0.000000,0.000000,0.716296,0.333874,0.000000,0.000000,0.000000,0.000000,0.680704,0.963426,0.401145,0.135936,0.000000,0.000000,0.000000,0.000000,-3.20611809e-05,0.00932779461,0.000431586209,0.1,0.00675676729
30,2+5+6,0.000000,0.000000,0.591105,0.108372,0.000000,0.000000,0.000000,0.000000,0.655640,0.800208,0.937243,0.721610,0.000000,0.000000,0.000000,0.000000,-5.42631158e-05,0.0349403293,0.00111892176,0.1,0.0302139205
30,2+5+6,0.000000,0.000000,0.841471,0.851744,0.000000,0.000000,0.000000,0.000000,0.762607,0.494227,0.458441,0.829458,0.000000,0.000000,0.000000,0.000000,-5.42631158e-05,0.00269510132,0.000206896214,0.1,0.00260103226
30,2+5+6,0.000000,0.000000,0.439515,0.299028,0.000000,0.000000,0.000000,0.000000,0.661423,0.888160,0.442828,0.736299,0.000000,0.000000,0.000000,0.000000,-5.42631158e-05,0.0151786119,0.000586722838,0.1,0.0115251618
30,2+5+6,0.000000,0.000000,0.883416,0.170385,0.000000,0.000000,0.000000,0.000000,0.845037,0.578324,0.884361,0.938976,0.000000,0.000000,0.000000,0.000000,-5.42631158e-05,0.0362021299,0.00109573986,0.1,0.0309117345
30,2+5+6,0.000000,0.000000,0.685989,0.137223,0.000000,0.000000,0.000000,0.000000,0.634480,0.482527,0.778514,0.773781,0.000000,0.000000,0.000000,0.000000,-5.42631158e-05,0.0240581997,0.000738002035,0.1,0.020330642
31,2+5+7,0.000000,0.000000,0.932606,0.985162,0.000000,0.000000,0.000000,0.000000,0.489346,0.706761,0.000000,0.000000,0.544732,0.785160,0.000000,0.000000,-5.42631158e-05,0.016130549,0.000673671413,0.1,0.0202494253
31,2+5+7,0.000000,0.000000,0.870646,0.996235,0.000000,0.000000,0.000000,0.000000,0.418810,0.573108,0.000000,0.000000,0.833964,0.594825,0.000000,0.000000,-5.42631158e-05,0.0216602627,0.000894985946,0.1,0.0265004562
31,2+5+7,0.000000,0.000000,0.349396,0.964703,0.000000,0.000000,0.000000,0.000000,0.528836,0.896497,0.000000,0.000000,0.515822,0.421789,0.000000,0.000000,-5.42631158e-05,0.00264294619,0.000218653017,0.1,0.00334392482
31,2+5+7,0.000000,0.000000,0.718969,0.540987,0.000000,0.000000,0.000000,0.000000,0.377136,0.239079,0.000000,0.000000,0.163380,0.577606,0.000000,0.000000,-5.42631158e-05,0.00387256034,0.000263737429,0.1,0.00505629439
31,2+5+7,0.000000,0.000000,0.306262,0.759019,0.000000,0.000000,0.000000,0.000000,0.450429,0.457263,0.000000,0.000000,0.478625,0.516022,0.000000,0.000000,-5.42631158e-05,0.00181672563,0.000157222706,0.1,0.00308367067
31,2+5+7,0.000000,0.000000,0.883674,0.594414,0.000000,0.000000,0.000000,0.000000,0.152623,0.761390,0.000000,0.000000,0.538078,0.728121,0.000000,0.000000,-5.42631158e-05,0.0107823704,0.000429112864,0.1,0.0139538435
31,2+5+7,0.000000,0.000000,0.622316,0.989766,0.000000,0.000000,0.000000,0.000000,0.625128,0.593994,0.000000,0.000000,0.983501,0.205477,0.000000,0.000000,-5.42631158e-05,0.00281886498,0.000236796559,0.1,0.00482906921
31,2+5+7,0.000000,0.000000,0.921817,0.934813,0.000000,0.000000,0.000000,0.000000,0.283975,0.560009,0.000000,0.000000,0.841464,0.238087,0.000000,0.000000,-5.42631158e-05,0.0136204789,0.000542306576,0.1,0.0167716182
32,2+5+8,0.000000,0.000000,0.293316,0.313083,0.000000,0.000000,0.000000,0.000000,0.711730,0.705742,0.000000,0.000000,0.000000,0.000000,0.462993,0.643235,-5.42631158e-05,0.0394702235,0.00100383612,0.1,0.0376924322
32,2+5+8,0.000000,0.000000,0.549824,0.745907,0.000000,0.000000,0.000000,0.000000,0.140123,0.384458,0.000000,0.000000,0.000000,0.000000,0.571931,0.806456,-5.42631158e-05,0.0633975847,0.00214798026,0.1,0.0602926652
32,2+5+8,0.000000,0.000000,0.627097,0.870765,0.000000,0.000000,0.000000,0.000000,0.382217,0.171953,0.000000,0.000000,0.000000,0.000000,0.530049,0.520372,-5.42631158e-05,0.0443576789,0.00150196072,0.1,0.0399868007
32,2+5+8,0.000000,0.000000,0.450023,0.797690,0.000000,0.000000,0.000000,0.000000,0.640745,0.545976,0.000000,0.000000,0.000000,0.000000,0.167160,0.582754,-5.42631158e-05,0.02341916,0.000765637128,0.1,0.0198781721
32,2+5+8,0.000000,0.000000,0.677483,0.126960,0.000000,0.000000,0.000000,0.000000,0.502814,0.640563,0.000000,0.000000,0.000000,0.000000,0.841317,0.992447,-5.42631158e-05,0.0490565892,0.0012779291,0.1,0.0490513358
32,2+5+8,0.000000,0.000000,0.674839,0.559062,0.000000,0.000000,0.000000,0.000000,0.818000,0.435036,0.000000,0.000000,0.000000,0.000000,0.240123,0.199049,-5.42631158e-05,0.0194666725,0.000795880753,0.1,0.0162800966
32,2+5+8,0.000000,0.000000,0.359449,0.175371,0.000000,0.000000,0.000000,0.000000,0.689712,0.291088,0.000000,0.000000,0.000000,0.000000,0.284377,0.987034,-5.42631158e-05,0.0187961449,0.000815862343,0.1,0.0189502211
32,2+5+8,0.000000,0.000000,0.238633,0.486881,0.000000,0.000000,0.000000,0.000000,0.470345,0.392411,0.000000,0.000000,0.000000,0.000000,0.539173,0.556220,-5.42631158e-05,0.0292275452,0.000922379497,0.1,0.028076014
33,2+6+7,0.000000,0.000000,0.455427,0.805718,0.000000,0.000000,0.000000,0.000000,0.000000,0.000000,0.240489,0.817281,0.858685,0.357388,0.000000,0.000000,-5.42631158e-05,0.0148894448,0.000480711015,0.1,0.0160468832
33,2+6+7,0.000000,0.000000,0.957626,0.128937,0.000000,0.000000,0.000000,0.000000,0.000000,0.000000,0.446635,0.794186,0.716568,0.653762,0.000000,0.000000,-5.42631158e-05,0.0237638623,0.000883630912,0.1,0.0215153559
33,2+6+7,0.000000,0.000000,0.612931,0.291315,0.000000,0.000000,0.000000,0.000000,0.000000,0.000000,0.641020,0.538587,0.764327,0.810601,0.000000,0.000000,-5.42631158e-05,0.0279098205,0.000902417258,0.1,0.026552103
33,2+6+7,0.000000,0.000000,0.878126,0.739212,0.000000,0.000000,0.000000,0.000000,0.000000,0.000000,0.173788,0.305405,0.149685,0.174176,0.000000,0.000000,-5.42631158e-05,0.0123587451,0.000590977976,0.1,0.0130712816
33,2+6+7,0.000000,0.000000,0.568528,0.637019,0.000000,0.000000,0.000000,0.000000,0.000000,0.000000,0.830014,0.645974,0.291863,0.634919,0.000000,0.000000,-5.42631158e-05,0.00406711316,0.000259229479,0.1,0.00469568554
33,2+6+7,0.000000,0.000000,0.330290,0.810648,0.000000,0.000000,0.000000,0.000000,0.000000,0.000000,0.670815,0.854963,0.875558,0.172041,0.000000,0.000000,-5.42631158e-05,0.0060893047,0.00028072502,0.1,0.00421299267
33,2+6+7,0.000000,0.000000,0.428923,0.350761,0.000000,0.000000,0.000000,0.000000,0.000000,0.000000,0.882165,0.676230,0.930812,0.699192,0.000000,0.000000,-5.42631158e-05,0.0307405557,0.000952728779,0.1,0.0261886489
33,2+6+7,0.000000,0.000000,0.227658,0.272779,0.000000,0.000000,0.000000,0.000000,0.000000,0.000000,0.264777,0.460202,0.699073,0.160446,0.000000,0.000000,-5.42631158e-05,0.00572107322,0.000266943402,0.1,0.00487366846
34,2+6+8,0.000000,0.000000,0.965904,0.313106,0.000000,0.000000,0.000000,0.000000,0.000000,0.000000,0.937230,0.828126,0.000000,0.000000,0.818898,0.217261,-5.42631158e-05,0.0116608742,0.000474215813,0.1,0.00932986513
34,2+6+8,0.000000,0.000000,0.893156,0.628471,0.000000,0.000000,0.000000,0.000000,0.000000,0.000000,0.137679,0.606137,0.000000,0.000000,0.753232,0.174097,-5.42631158e-05,0.0238976108,0.00114225736,0.1,0.0224323679
34,2+6+8,0.000000,0.000000,0.724059,0.931252,0.000000,0.000000,0.000000,0.000000,0.000000,0.000000,0.184482,0.891637,0.000000,0.000000,0.420758,0.886000,-5.42631158e-05,0.0517803115,0.00122629064,0.1,0.0498358049
34,2+6+8,0.000000,0.000000,0.604859,0.853364,0.000000,0.000000,0.000000,0.000000,0.000000,0.000000,0.381926,0.210067,0.000000,0.000000,0.652370,0.967402,-5.42631158e-05,0.0947241856,0.00251040952,0.2,0.0957566158
34,2+6+8,0.000000,0.000000,0.378833,0.473589,0.000000,0.000000,0.000000,0.000000,0.000000,0.000000,0.192711,0.432035,0.000000,0.000000,0.888161,0.483634,-5.42631158e-05,0.0469418138,0.00177496478,0.1,0.047684966
34,2+6+8,0.000000,0.000000,0.957510,0.524608,0.000000,0.000000,0.000000,0.000000,0.000000,0.000000,0.744474,0.970141,0.000000,0.000000,0.834256,0.515406,-5.42631158e-05,0.0284207795,0.000672773631,0.1,0.0255434206
34,2+6+8,0.000000,0.000000,0.484892,0.698662,0.000000,0.000000,0.000000,0.000000,0.000000,0.000000,0.257264,0.941060,0.000000,0.000000,0.799290,0.878990,-5.42631158e-05,0.0646316666,0.00156224887,0.1,0.0657308226
34,2+6+8,0.000000,0.000000,0.431109,0.835488,0.000000,0.000000,0.000000,0.000000,0.000000,0.000000,0.477141,0.631670,0.000000,0.000000,0.505774,0.838606,-5.42631158e-05,0.0400506961,0.00117009047,0.1,0.0391087625
35,2+7+8,0.000000,0.000000,0.754282,0.753632,0.000000,0.000000,0.000000,0.000000,0.000000,0.000000,0.000000,0.000000,0.642025,0.690776,0.552634,0.429619,-5.42631158e-05,0.0562771404,0.00136419917,0.1,0.0553636016
35,2+7+8,0.000000,0.000000,0.448592,0.317755,0.000000,0.000000,0.000000,0.000000,0.000000,0.000000,0.000000,0.000000,0.562436,0.165865,0.134612,0.360607,-5.42631158e-05,0.0125482959,0.000477447544,0.1,0.0130507937
35,2+7+8,0.000000,0.000000,0.564978,0.564414,0.000000,0.000000,0.000000,0.000000,0.000000,0.000000,0.000000,0.000000,0.587612,0.186415,0.409695,0.992452,-5.42631158e-05,0.0837359016,0.00227802446,0.2,0.0860983188
35,2+7+8,0.000000,0.000000,0.975080,0.588285,0.000000,0.000000,0.000000,0.000000,0.000000,0.000000,0.000000,0.000000,0.661601,0.848458,0.775282,0.419077,-5.42631158e-05,0.0721112404,0.00159069109,0.1,0.0686950083
35,2+7+8,0.000000,0.000000,0.569852,0.810284,0.000000,0.000000,0.000000,0.000000,0.000000,0.000000,0.000000,0.000000,0.593519,0.355251,0.662681,0.432864,-5.42631158e-05,0.0742052609,0.00215069408,0.2,0.0707855762
35,2+7+8,0.000000,0.000000,0.657229,0.259474,0.000000,0.000000,0.000000,0.000000,0.000000,0.000000,0.000000,0.000000,0.150153,0.851755,0.714589,0.486720,-5.42631158e-05,0.0612492564,0.00130771553,0.1,0.05852215
35,2+7+8,0.000000,0.000000,0.427265,0.620083,0.000000,0.000000,0.000000,0.000000,0.000000,0.000000,0.000000,0.000000,0.581926,0.423489,0.839775,0.437645,-5.42631158e-05,0.0757624553,0.00203156134,0.2,0.0760662938
35,2+7+8,0.000000,0.000000,0.362806,0.408465,0.000000,0.000000,0.000000,0.000000,0.000000,0.000000,0.000000,0.000000,0.367451,0.715080,0.842849,0.952563,-5.42631158e-05,0.133734211,0.00257768446,0.2,0.130675874
36,3+4+5,0.000000,0.000000,0.000000,0.000000,0.329763,0.357618,0.444099,0.375721,0.228118,0.216932,0.000000,0.000000,0.000000,0.000000,0.000000,0.000000,-5.42631158e-05,0.00869143592,0.000424437351,0.1,0.00736725685
36,3+4+5,0.000000,0.000000,0.000000,0.000000,0.767455,0.542342,0.469376,0.286494,0.838381,0.951805,0.000000,0.000000,0.000000,0.000000,0.000000,0.000000,-5.42631158e-05,0.041632521,0.00122647084,0.1,0.0371607988
36,3+4+5,0.000000,0.000000,0.000000,0.000000,0.532030,0.506910,0.554811,0.241475,0.493994,0.477523,0.000000,0.000000,0.000000,0.000000,0.000000,0.000000,-5.42631158e-05,0.017130262,0.000581123889,0.1,0.0142148494
36,3+4+5,0.000000,0.000000,0.000000,0.000000,0.416667,0.415796,0.303883,0.770919,0.258962,0.976660,0.000000,0.000000,0.000000,0.000000,0.000000,0.000000,-5.42631158e-05,0.0238774979,0.000744002467,0.1,0.0216202657
36,3+4+5,0.000000,0.000000,0.000000,0.000000,0.751612,0.756025,0.695779,0.790352,0.532511,0.798949,0.000000,0.000000,0.000000,0.000000,0.000000,0.000000,-5.42631158e-05,0.0406522156,0.00100597409,0.1,0.0344672142
36,3+4+5,0.000000,0.000000,0.000000,0.000000,0.183429,0.280473,0.139885,0.120571,0.926021,0.777513,0.000000,0.000000,0.000000,0.000000,0.000000,0.000000,-5.42631158e-05,0.0205607566,0.000721836442,0.1,0.0189601784
36,3+4+5,0.000000,0.000000,0.000000,0.000000,0.389852,0.788557,0.684299,0.475164,0.387216,0.580289,0.000000,0.000000,0.000000,0.000000,0.000000,0.000000,-5.42631158e-05,0.0221237573,0.000787094219,0.1,0.0186913135
36,3+4+5,0.000000,0.000000,0.000000,0.000000,0.270500,0.311761,0.188850,0.551539,0.614894,0.710068,0.000000,0.000000,0.000000,0.000000,0.000000,0.000000,-5.42631158e-05,0.0221190367,0.000747569407,0.1,0.0197423579
37,3+4+6,0.000000,0.000000,0.000000,0.000000,0.970702,0.707518,0.454574,0.348452,0.000000,0.000000,0.403287,0.304781,0.000000,0.000000,0.000000,0.000000,-5.42631158e-05,0.00338434432,0.000229677754,0.1,0.00268131088
37,3+4+6,0.000000,0.000000,0.000000,0.000000,0.278219,0.440415,0.862815,0.227386,0.000000,0.000000,0.904181,0.308869,0.000000,0.000000,0.000000,0.000000,-5.42631158e-05,0.00820997116,0.000418270003,0.1,0.00707515485
37,3+4+6,0.000000,0.000000,0.000000,0.000000,0.571568,0.600932,0.547057,0.595684,0.000000,0.000000,0.655406,0.116175,0.000000,0.000000,0.000000,0.000000,-5.42631158e-05,0.00898754956,0.000394098627,0.1,0.00745382291
37,3+4+6,0.000000,0.000000,0.000000,0.000000,0.485486,0.328906,0.523062,0.484932,0.000000,0.000000,0.629219,0.751065,0.000000,0.000000,0.000000,0.000000,-5.42631158e-05,0.0138969013,0.000540172772,0.1,0.0122322964
37,3+4+6,0.000000,0.000000,0.000000,0.000000,0.506818,0.305186,0.490630,0.157798,0.000000,0.000000,0.793229,0.838068,0.000000,0.000000,0.000000,0.000000,-5.42631158e-05,0.0191237392,0.00104897735,0.1,0.0175919038
37,3+4+6,0.000000,0.000000,0.000000,0.000000,0.125011,0.271838,0.724764,0.428793,0.000000,0.000000,0.562659,0.658267,0.000000,0.000000,0.000000,0.000000,-5.42631158e-05,0.00914564967,0.000397117682,0.1,0.00815215754
37,3+4+6,0.000000,0.000000,0.000000,0.000000,0.356415,0.188396,0.606579,0.638506,0.000000,0.000000,0.750256,0.256022,0.000000,0.000000,0.000000,0.000000,-5.42631158e-05,0.00642072582,0.000341577282,0.1,0.00542338441
37,3+4+6,0.000000,0.000000,0.000000,0.000000,0.572619,0.673706,0.840066,0.269783,0.000000,0.000000,0.460765,0.472581,0.000000,0.000000,0.000000,0.000000,-5.42631158e-05,0.00518277433,0.000295648721,0.1,0.0036456989
38,3+4+7,0.000000,0.000000,0.000000,0.000000,0.799110,0.737425,0.159413,0.146540,0.000000,0.000000,0.000000,0.000000,0.527593,0.283201,0.000000,0.000000,-3.30981943e-05,0.00989902879,0.000480995654,0.1,0.0109335087
38,3+4+7,0.000000,0.000000,0.000000,0.000000,0.415347,0.151646,0.547315,0.682820,0.000000,0.000000,0.000000,0.000000,0.627799,0.265619,0.000000,0.000000,-3.30981943e-05,0.00321586441,0.000228564762,0.1,0.00390210814
38,3+4+7,0.000000,0.000000,0.000000,0.000000,0.418407,0.204321,0.174826,0.489765,0.000000,0.000000,0.000000,0.000000,0.366464,0.452818,0.000000,0.000000,-3.30981943e-05,0.000736450685,0.00010094408,0.1,0.00114292707
38,3+4+7,0.000000,0.000000,0.000000,0.000000,0.902502,0.943948,0.795939,0.176204,0.000000,0.000000,0.000000,0.000000,0.233036,0.922805,0.000000,0.000000,-3.30981943e-05,0.0143466197,0.00064166325,0.1,0.0144169621
38,3+4+7,0.000000,0.000000,0.000000,0.000000,0.349667,0.422953,0.665969,0.312135,0.000000,0.000000,0.000000,0.000000,0.964152,0.660949,0.000000,0.000000,-3.30981943e-05,0.00407640071,0.000273808048,0.1,0.00324523683
38,3+4+7,0.000000,0.000000,0.000000,0.000000,0.233541,0.912019,0.634512,0.196360,0.000000,0.000000,0.000000,0.000000,0.669288,0.513458,0.000000,0.000000,-3.30981943e-05,0.00329393851,0.000256610834,0.1,0.00327161764
38,3+4+7,0.000000,0.000000,0.000000,0.000000,0.393674,0.486803,0.627842,0.363330,0.000000,0.000000,0.000000,0.000000,0.107189,0.310113,0.000000,0.000000,-3.30981943e-05,0.00903558296,0.00042285251,0.1,0.00879435243
38,3+4+7,0.000000,0.000000,0.000000,0.000000,0.149477,0.771696,0.699367,0.812355,0.000000,0.000000,0.000000,0.000000,0.764212,0.504186,0.000000,0.000000,-3.30981943e-05,0.00466850136,0.000307332571,0.1,0.00524485827
39,3+4+8,0.000000,0.000000,0.000000,0.000000,0.632132,0.513816,0.490181,0.114064,0.000000,0.000000,0.000000,0.000000,0.000000,0.000000,0.612226,0.635867,-3.30981943e-05,0.0592812736,0.00132486296,0.1,0.0561631723
39,3+4+8,0.000000,0.000000,0.000000,0.000000,0.805255,0.661297,0.656914,0.936789,0.000000,0.000000,0.000000,0.000000,0.000000,0.000000,0.381384,0.220086,-3.30981943e-05,0.0675671296,0.00179129196,0.1,0.0643552973
39,3+4+8,0.000000,0.000000,0.000000,0.000000,0.844713,0.770247,0.525690,0.466150,0.000000,0.000000,0.000000,0.000000,0.000000,0.000000,0.669850,0.654702,-3.30981943e-05,0.0922039431,0.00178946062,0.2,0.0877272973
39,3+4+8,0.000000,0.000000,0.000000,0.000000,0.251761,0.162457,0.431295,0.411473,0.000000,0.000000,0.000000,0.000000,0.000000,0.000000,0.936217,0.385183,-3.30981943e-05,0.0349499864,0.00108373652,0.1,0.0333671858
39,3+4+8,0.000000,0.000000,0.000000,0.000000,0.759207,0.237586,0.281762,0.636791,0.000000,0.000000,0.000000,0.000000,0.000000,0.000000,0.288507,0.784642,-3.30981943e-05,0.0421005309,0.00144817465,0.1,0.0413597786
39,3+4+8,0.000000,0.000000,0.000000,0.000000,0.622003,0.550018,0.142922,0.459128,0.000000,0.000000,0.000000,0.000000,0.000000,0.000000,0.436098,0.723967,-3.30981943e-05,0.0533620869,0.00188649459,0.1,0.0507417423
39,3+4+8,0.000000,0.000000,0.000000,0.000000,0.967503,0.883804,0.455924,0.454093,0.000000,0.000000,0.000000,0.000000,0.000000,0.000000,0.110417,0.996493,-3.30981943e-05,0.0443093357,0.00107570091,0.1,0.0402402489
39,3+4+8,0.000000,0.000000,0.000000,0.000000,0.145639,0.749657,0.136378,0.165016,0.000000,0.000000,0.000000,0.000000,0.000000,0.000000,0.205778,0.510226,-3.30981943e-05,0.0188471226,0.000784027496,0.1,0.0177274639
40,3+5+6,0.000000,0.000000,0.000000,0.000000,0.146229,0.678387,0.000000,0.000000,0.965476,0.719853,0.806339,0.394143,0.000000,0.000000,0.000000,0.000000,-3.30981943e-05,0.0187836806,0.000641436933,0.1,0.0161809127
40,3+5+6,0.000000,0.000000,0.000000,0.000000,0.181736,0.262095,0.000000,0.000000,0.444436,0.545064,0.389584,0.569710,0.000000,0.000000,0.000000,0.000000,-3.30981943e-05,0.0118303911,0.000500727718,0.1,0.010555812
40,3+5+6,0.000000,0.000000,0.000000,0.000000,0.618768,0.445165,0.000000,0.000000,0.484665,0.704383,0.679509,0.232376,0.000000,0.000000,0.000000,0.000000,-3.30981943e-05,0.00897550026,0.000407277544,0.1,0.00664972187
40,3+5+6,0.000000,0.000000,0.000000,0.000000,0.166900,0.312949,0.000000,0.000000,0.720369,0.550782,0.500898,0.792213,0.000000,0.000000,0.000000,0.000000,-3.30981943e-05,0.022690214,0.000731129004,0.1,0.0205118722
40,3+5+6,0.000000,0.000000,0.000000,0.000000,0.127815,0.744148,0.000000,0.000000,0.516021,0.327471,0.346702,0.704123,0.000000,0.000000,0.000000,0.000000,-3.30981943e-05,0.0089056435,0.000474398602,0.1,0.00807799312
40,3+5+6,0.000000,0.000000,0.000000,0.000000,0.809260,0.576197,0.000000,0.000000,0.214919,0.983957,0.640244,0.780360,0.000000,0.000000,0.000000,0.000000,-3.30981943e-05,0.011559328,0.000495196701,0.1,0.00886169644
40,3+5+6,0.000000,0.000000,0.000000,0.000000,0.307745,0.361925,0.000000,0.000000,0.940460,0.155775,0.499425,0.849936,0.000000,0.000000,0.000000,0.000000,-3.30981943e-05,0.0153693392,0.000705701882,0.1,0.0146272315
40,3+5+6,0.000000,0.000000,0.000000,0.000000,0.804663,0.931764,0.000000,0.000000,0.589048,0.681429,0.975468,0.317356,0.000000,0.000000,0.000000,0.000000,-3.30981943e-05,0.00660176214,0.000378790573,0.1,0.00414116673
41,3+5+7,0.000000,0.000000,0.000000,0.000000,0.807901,0.185457,0.000000,0.000000,0.319585,0.446471,0.000000,0.000000,0.904503,0.932597,0.000000,0.000000,-3.30981943e-05,0.0203103561,0.000735841446,0.1,0.0193622565
41,3+5+7,0.000000,0.000000,0.000000,0.000000,0.469376,0.716917,0.000000,0.000000,0.783237,0.881006,0.000000,0.000000,0.445111,0.365314,0.000000,0.000000,-3.30981943e-05,0.00937672451,0.000367973993,0.1,0.0102840468
41,3+5+7,0.000000,0.000000,0.000000,0.000000,0.377789,0.967621,0.000000,0.000000,0.354665,0.625988,0.000000,0.000000,0.417660,0.369153,0.000000,0.000000,-3.30981943e-05,0.0020202913,0.000186725843,0.1,0.00269076506
41,3+5+7,0.000000,0.000000,0.000000,0.000000,0.757152,0.748219,0.000000,0.000000,0.748996,0.757611,0.000000,0.000000,0.752542,0.776783,0.000000,0.000000,-3.30981943e-05,0.000218889422,7.29201533e-05,0.1,0.000659883703
41,3+5+7,0.000000,0.000000,0.000000,0.000000,0.582778,0.417104,0.000000,0.000000,0.892141,0.355189,0.000000,0.000000,0.760334,0.152785,0.000000,0.000000,-3.30981943e-05,0.00195250793,0.000164751539,0.1,0.00227010267
41,3+5+7,0.000000,0.000000,0.000000,0.000000,0.104324,0.997934,0.000000,0.000000,0.346424,0.986457,0.000000,0.000000,0.825903,0.258246,0.000000,0.000000,-3.30981943e-05,0.000148889951,6.14215413e-05,0.1,0.000487641633
41,3+5+7,0.000000,0.000000,0.000000,0.000000,0.829122,0.105575,0.000000,0.000000,0.883368,0.230348,0.000000,0.000000,0.296410,0.215943,0.000000,0.000000,-3.30981943e-05,0.00133687593,0.000151621478,0.1,0.00153105989
41,3+5+7,0.000000,0.000000,0.000000,0.000000,0.445138,0.498866,0.000000,0.000000,0.991457,0.778387,0.000000,0.000000,0.355427,0.419720,0.000000,0.000000,-3.30981943e-05,0.0121396566,0.000518687659,0.1,0.013414705
42,3+5+8,0.000000,0.000000,0.000000,0.000000,0.121521,0.455763,0.000000,0.000000,0.672285,0.572064,0.000000,0.000000,0.000000,0.000000,0.276818,0.855966,-3.30981943e-05,0.0229601129,0.00103691492,0.1,0.0219324167
42,3+5+8,0.000000,0.000000,0.000000,0.000000,0.484086,0.647411,0.000000,0.000000,0.217493,0.807241,0.000000,0.000000,0.000000,0.000000,0.103366,0.578075,-3.30981943e-05,0.0196314482,0.000635233446,0.1,0.0185360375
42,3+5+8,0.000000,0.000000,0.000000,0.000000,0.248208,0.882489,0.000000,0.000000,0.765766,0.669050,0.000000,0.000000,0.000000,0.000000,0.346188,0.958540,-3.30981943e-05,0.0390950763,0.00101538177,0.1,0.0380759464
42,3+5+8,0.000000,0.000000,0.000000,0.000000,0.310426,0.866177,0.000000,0.000000,0.352973,0.174545,0.000000,0.000000,0.000000,0.000000,0.695998,0.331268,-3.30981943e-05,0.032012473,0.000872478316,0.1,0.0305659619
42,3+5+8,0.000000,0.000000,0.000000,0.000000,0.611430,0.168131,0.000000,0.000000,0.245852,0.367309,0.000000,0.000000,0.000000,0.000000,0.606378,0.577663,-3.30981943e-05,0.0304699839,0.000759968221,0.1,0.0291158226
42,3+5+8,0.000000,0.000000,0.000000,0.000000,0.556958,0.154567,0.000000,0.000000,0.501549,0.868236,0.000000,0.000000,0.000000,0.000000,0.854376,0.242792,-3.30981943e-05,0.0288234634,0.000943520028,0.1,0.0272515583
42,3+5+8,0.000000,0.000000,0.000000,0.000000,0.754270,0.263871,0.000000,0.000000,0.783280,0.251882,0.000000,0.000000,0.000000,0.000000,0.455302,0.611054,-3.30981943e-05,0.0349156492,0.00102736915,0.1,0.0333036967
42,3+5+8,0.000000,0.000000,0.000000,0.000000,0.452121,0.374168,0.000000,0.000000,0.348322,0.341348,0.000000,0.000000,0.000000,0.000000,0.843528,0.276731,-3.30981943e-05,0.0229666389,0.000766989657,0.1,0.022158145
43,3+6+7,0.000000,0.000000,0.000000,0.000000,0.758950,0.175939,0.000000,0.000000,0.000000,0.000000,0.429217,0.810299,0.786444,0.822401,0.000000,0.000000,-3.30981943e-05,0.0297605885,0.000969770631,0.1,0.0252343633
43,3+6+7,0.000000,0.000000,0.000000,0.000000,0.331343,0.734869,0.000000,0.000000,0.000000,0.000000,0.710606,0.385987,0.394356,0.235458,0.000000,0.000000,-3.30981943e-05,0.00144366549,0.000171626673,0.1,0.00105097987
43,3+6+7,0.000000,0.000000,0.000000,0.000000,0.640019,0.903539,0.000000,0.000000,0.000000,0.000000,0.251657,0.122922,0.321021,0.662491,0.000000,0.000000,-3.30981943e-05,0.0143448446,0.000559586589,0.1,0.0159290488
43,3+6+7,0.000000,0.000000,0.000000,0.000000,0.569836,0.832457,0.000000,0.000000,0.000000,0.000000,0.724185,0.529000,0.864690,0.564053,0.000000,0.000000,-3.30981943e-05,0.0147202296,0.000543957183,0.1,0.0135323793
43,3+6+7,0.000000,0.000000,0.000000,0.000000,0.921768,0.134103,0.000000,0.000000,0.000000,0.000000,0.838104,0.722523,0.599030,0.789139,0.000000,0.000000,-3.30981943e-05,0.0186878094,0.000867709798,0.1,0.015146365
43,3+6+7,0.000000,0.000000,0.000000,0.000000,0.112322,0.888423,0.000000,0.000000,0.000000,0.000000,0.691471,0.670186,0.895243,0.273891,0.000000,0.000000,-3.30981943e-05,0.012326439,0.000489398643,0.1,0.00922577895
43,3+6+7,0.000000,0.000000,0.000000,0.000000,0.450410,0.369803,0.000000,0.000000,0.000000,0.000000,0.491952,0.404815,0.168182,0.865382,0.000000,0.000000,-3.30981943e-05,0.00423597405,0.000266634047,0.1,0.00392560934
43,3+6+7,0.000000,0.000000,0.000000,0.000000,0.150330,0.609362,0.000000,0.000000,0.000000,0.000000,0.921415,0.606697,0.635413,0.623967,0.000000,0.000000,-3.30981943e-05,0.0153781429,0.000670999187,0.1,0.0117383437
44,3+6+8,0.000000,0.000000,0.000000,0.000000,0.893125,0.209105,0.000000,0.000000,0.000000,0.000000,0.411418,0.747479,0.000000,0.000000,0.164432,0.326241,-3.30981943e-05,0.00387972423,0.000250505393,0.1,0.00361817357
44,3+6+8,0.000000,0.000000,0.000000,0.000000,0.684370,0.474850,0.000000,0.000000,0.000000,0.000000,0.979519,0.962068,0.000000,0.000000,0.902576,0.741780,-3.30981943e-05,0.0325791607,0.0011598749,0.1,0.0309584927
44,3+6+8,0.000000,0.000000,0.000000,0.000000,0.371639,0.775743,0.000000,0.000000,0.000000,0.000000,0.916990,0.883013,0.000000,0.000000,0.368332,0.672880,-3.30981943e-05,0.0229981151,0.000707248471,0.1,0.0219537767
44,3+6+8,0.000000,0.000000,0.000000,0.000000,0.121305,0.337663,0.000000,0.000000,0.000000,0.000000,0.253093,0.346277,0.000000,0.000000,0.259308,0.762384,-3.30981943e-05,0.0128039527,0.000568402114,0.1,0.0126457061
44,3+6+8,0.000000,0.000000,0.000000,0.000000,0.178578,0.223671,0.000000,0.000000,0.000000,0.000000,0.269341,0.396824,0.000000,0.000000,0.305250,0.222408,-3.30981943e-05,0.00281135418,0.000220925472,0.1,0.00281265379
44,3+6+8,0.000000,0.000000,0.000000,0.000000,0.703332,0.912569,0.000000,0.000000,0.000000,0.000000,0.273128,0.758293,0.000000,0.000000,0.780927,0.238111,-3.30981943e-05,0.0262951894,0.000905516608,0.1,0.025522997
44,3+6+8,0.000000,0.000000,0.000000,0.000000,0.330136,0.731686,0.000000,0.000000,0.000000,0.000000,0.658731,0.503238,0.000000,0.000000,0.882307,0.894566,-3.30981943e-05,0.0539878627,0.00148597573,0.1,0.0551105881
44,3+6+8,0.000000,0.000000,0.000000,0.000000,0.143576,0.680031,0.000000,0.000000,0.000000,0.000000,0.740378,0.113959,0.000000,0.000000,0.839217,0.505439,-3.30981943e-05,0.0337191467,0.000853316235,0.1,0.0339977621
45,3+7+8,0.000000,0.000000,0.000000,0.000000,0.742629,0.698731,0.000000,0.000000,0.000000,0.000000,0.000000,0.000000,0.901680,0.697240,0.480774,0.345437,-3.30981943e-05,0.0215664979,0.000688647882,0.1,0.0206355709
45,3+7+8,0.000000,0.000000,0.000000,0.000000,0.860874,0.144729,0.000000,0.000000,0.000000,0.000000,0.000000,0.000000,0.393890,0.791991,0.389214,0.199942,-3.30981943e-05,0.0114424416,0.000462812043,0.1,0.0104590099
45,3+7+8,0.000000,0.000000,0.000000,0.000000,0.235276,0.430670,0.000000,0.000000,0.000000,0.000000,0.000000,0.000000,0.284269,0.167804,0.517118,0.605881,-3.30981943e-05,0.047495915,0.00128171085,0.1,0.0459826272
45,3+7+8,0.000000,0.000000,0.000000,0.000000,0.915793,0.669906,0.000000,0.000000,0.000000,0.000000,0.000000,0.000000,0.282381,0.183150,0.496880,0.259550,-3.30981943e-05,0.0489929828,0.00129947348,0.1,0.0461844852
45,3+7+8,0.000000,0.000000,0.000000,0.000000,0.644170,0.139776,0.000000,0.000000,0.000000,0.000000,0.000000,0.000000,0.460060,0.549840,0.491272,0.293019,-3.30981943e-05,0.0217234905,0.000653692945,0.1,0.0205049215
45,3+7+8,0.000000,0.000000,0.000000,0.000000,0.407625,0.265303,0.000000,0.000000,0.000000,0.000000,0.000000,0.000000,0.915982,0.438360,0.941595,0.586740,-6.62363253e-05,0.0731600564,0.00233578237,0.2,0.0700220565
45,3+7+8,0.000000,0.000000,0.000000,0.000000,0.147027,0.761018,0.000000,0.000000,0.000000,0.000000,0.000000,0.000000,0.439694,0.466139,0.412717,0.914938,-6.62363253e-05,0.0627229866,0.00200448871,0.1,0.0614267765
45,3+7+8,0.000000,0.000000,0.000000,0.000000,0.703524,0.736129,0.000000,0.000000,0.000000,0.000000,0.000000,0.000000,0.950840,0.309651,0.899430,0.921341,-6.62363253e-05,0.138662628,0.00326164756,0.2,0.137775154
46,4+5+6,0.000000,0.000000,0.000000,0.000000,0.000000,0.000000,0.401880,0.619945,0.296731,0.868105,0.423903,0.605944,0.000000,0.000000,0.000000,0.000000,-6.62363253e-05,0.018130771,0.000575600706,0.1,0.0149441337
46,4+5+6,0.000000,0.000000,0.000000,0.000000,0.000000,0.000000,0.750239,0.938111,0.908914,0.146288,0.949200,0.708987,0.000000,0.000000,0.000000,0.000000,-6.62363253e-05,0.0244351779,0.000699241373,0.1,0.0205964586
46,4+5+6,0.000000,0.000000,0.000000,0.000000,0.000000,0.000000,0.618494,0.695681,0.192854,0.313738,0.925046,0.217885,0.000000,0.000000,0.000000,0.000000,-6.62363253e-05,0.00952293501,0.000413464776,0.1,0.00722292973
46,4+5+6,0.000000,0.000000,0.000000,0.000000,0.000000,0.000000,0.399294,0.745846,0.802305,0.666143,0.448599,0.951364,0.000000,0.000000,0.000000,0.000000,-6.62363253e-05,0.0373712676,0.000977868347,0.1,0.0332824755
46,4+5+6,0.000000,0.000000,0.000000,0.000000,0.000000,0.000000,0.818162,0.202437,0.901833,0.665631,0.641772,0.802100,0.000000,0.000000,0.000000,0.000000,-6.62363253e-05,0.0366869684,0.000964325628,0.1,0.0322201973
46,4+5+6,0.000000,0.000000,0.000000,0.000000,0.000000,0.000000,0.549052,0.789011,0.315762,0.325043,0.415054,0.172958,0.000000,0.000000,0.000000,0.000000,-6.62363253e-05,0.00513937571,0.000246974586,0.1,0.00364955988
46,4+5+6,0.000000,0.000000,0.000000,0.000000,0.000000,0.000000,0.188243,0.324041,0.692961,0.814326,0.123638,0.883127,0.000000,0.000000,0.000000,0.000000,-6.62363253e-05,0.0172559586,0.000711703659,0.1,0.0151156548
46,4+5+6,0.000000,0.000000,0.000000,0.000000,0.000000,0.000000,0.754714,0.990339,0.676788,0.999351,0.284194,0.589524,0.000000,0.000000,0.000000,0.000000,-6.62363253e-05,0.0206256948,0.00062122454,0.1,0.0164881731
47,4+5+7,0.000000,0.000000,0.000000,0.000000,0.000000,0.000000,0.449917,0.121668,0.575834,0.576651,0.000000,0.000000,0.274034,0.663015,0.000000,0.000000,-6.62363253e-05,0.00142909011,0.000149139737,0.1,0.00103654791
47,4+5+7,0.000000,0.000000,0.000000,0.000000,0.000000,0.000000,0.542463,0.393525,0.447486,0.765707,0.000000,0.000000,0.411309,0.526792,0.000000,0.000000,-6.62363253e-05,0.00180120197,0.000168353291,0.1,0.00130226156
47,4+5+7,0.000000,0.000000,0.000000,0.000000,0.000000,0.000000,0.167280,0.534785,0.670572,0.682797,0.000000,0.000000,0.406275,0.344231,0.000000,0.000000,-6.62363253e-05,0.00319522971,0.000227939853,0.1,0.00251242469
47,4+5+7,0.000000,0.000000,0.000000,0.000000,0.000000,0.000000,0.224575,0.296235,0.588987,0.920523,0.000000,0.000000,0.165856,0.516953,0.000000,0.000000,-6.62363253e-05,0.00506151772,0.000299484902,0.1,0.00500481137
47,4+5+7,0.000000,0.000000,0.000000,0.000000,0.000000,0.000000,0.658239,0.730283,0.817522,0.949970,0.000000,0.000000,0.695570,0.200950,0.000000,0.000000,-6.62363253e-05,0.0184073908,0.000691136115,0.1,0.01787581
47,4+5+7,0.000000,0.000000,0.000000,0.000000,0.000000,0.000000,0.760962,0.410456,0.678303,0.593177,0.000000,0.000000,0.359966,0.422506,0.000000,0.000000,-6.62363253e-05,0.0048237587,0.000292361726,0.1,0.00434299027
47,4+5+7,0.000000,0.000000,0.000000,0.000000,0.000000,0.000000,0.590504,0.431134,0.885223,0.687940,0.000000,0.000000,0.382191,0.393882,0.000000,0.000000,-6.62363253e-05,0.00883339414,0.000414699312,0.1,0.0082584507
47,4+5+7,0.000000,0.000000,0.000000,0.000000,0.000000,0.000000,0.679462,0.177318,0.502675,0.573610,0.000000,0.000000,0.557595,0.288435,0.000000,0.000000,-6.62363253e-05,0.0011750295,0.000140009998,0.1,0.00089076854
48,4+5+8,0.000000,0.000000,0.000000,0.000000,0.000000,0.000000,0.239484,0.793049,0.138955,0.527002,0.000000,0.000000,0.000000,0.000000,0.590483,0.829802,-6.62363253e-05,0.034852119,0.000964476934,0.1,0.0339066679
48,4+5+8,0.000000,0.000000,0.000000,0.000000,0.000000,0.000000,0.538107,0.355316,0.450696,0.109512,0.000000,0.000000,0.000000,0.000000,0.520284,0.204679,-6.62363253e-05,0.0156836816,0.000461875414,0.1,0.0147029396
48,4+5+8,0.000000,0.000000,0.000000,0.000000,0.000000,0.000000,0.695559,0.250806,0.218982,0.259179,0.000000,0.000000,0.000000,0.000000,0.956303,0.304546,-6.62363253e-05,0.0201380723,0.00068634613,0.1,0.0192492473
48,4+5+8,0.000000,0.000000,0.000000,0.000000,0.000000,0.000000,0.273676,0.332671,0.282953,0.517736,0.000000,0.000000,0.000000,0.000000,0.221232,0.683139,-6.62363253e-05,0.0135065178,0.000528974736,0.1,0.0126871046
48,4+5+8,0.000000,0.000000,0.000000,0.000000,0.000000,0.000000,0.864175,0.888805,0.216129,0.438789,0.000000,0.000000,0.000000,0.000000,0.710161,0.708303,-6.62363253e-05,0.0708069132,0.0019970799,0.1,0.0675817429
48,4+5+8,0.000000,0.000000,0.000000,0.000000,0.000000,0.000000,0.779729,0.252888,0.812972,0.559318,0.000000,0.000000,0.000000,0.000000,0.879889,0.227430,-6.62363253e-05,0.0315100854,0.00105939484,0.1,0.02956906
48,4+5+8,0.000000,0.000000,0.000000,0.000000,0.000000,0.000000,0.562925,0.671295,0.896949,0.588560,0.000000,0.000000,0.000000,0.000000,0.923180,0.545332,-6.62363253e-05,0.0514543348,0.00251302817,0.1,0.0471186799
48,4+5+8,0.000000,0.000000,0.000000,0.000000,0.000000,0.000000,0.882456,0.642826,0.560242,0.215271,0.000000,0.000000,0.000000,0.000000,0.645738,0.575520,-6.62363253e-05,0.052335411,0.00127458481,0.1,0.0486611857
49,4+6+7,0.000000,0.000000,0.000000,0.000000,0.000000,0.000000,0.749566,0.354493,0.000000,0.000000,0.702486,0.526001,0.671297,0.995981,0.000000,0.000000,-6.62363253e-05,0.0339994299,0.000991798982,0.1,0.0300735517
49,4+6+7,0.000000,0.000000,0.000000,0.000000,0.000000,0.000000,0.683385,0.202925,0.000000,0.000000,0.497126,0.291807,0.998615,0.870856,0.000000,0.000000,-6.62363253e-05,0.0421903131,0.00124861611,0.1,0.038374
49,4+6+7,0.000000,0.000000,0.000000,0.000000,0.000000,0.000000,0.561951,0.765386,0.000000,0.000000,0.979652,0.160306,0.142426,0.803645,0.000000,0.000000,-6.62363253e-05,0.000143100339,7.24073021e-05,0.1,8.81552648e-05
49,4+6+7,0.000000,0.000000,0.000000,0.000000,0.000000,0.000000,0.777893,0.515716,0.000000,0.000000,0.445102,0.895645,0.102706,0.896724,0.000000,0.000000,-6.62363253e-05,0.00302070433,0.000242991427,0.1,0.00216190606
49,4+6+7,0.000000,0.000000,0.000000,0.000000,0.000000,0.000000,0.569020,0.186859,0.000000,0.000000,0.291668,0.341354,0.249267,0.517828,0.000000,0.000000,-6.62363253e-05,0.00309199439,0.000222888427,0.1,0.00261980297
49,4+6+7,0.000000,0.000000,0.000000,0.000000,0.000000,0.000000,0.670758,0.462409,0.000000,0.000000,0.752445,0.434876,0.576587,0.821529,0.000000,0.000000,-6.62363253e-05,0.0153952718,0.000594756681,0.1,0.0126882637
49,4+6+7,0.000000,0.000000,0.000000,0.000000,0.000000,0.000000,0.204655,0.317694,0.000000,0.000000,0.678346,0.774209,0.759757,0.140354,0.000000,0.000000,-6.62363253e-05,0.0119891625,0.000420522282,0.1,0.00852663851
49,4+6+7,0.000000,0.000000,0.000000,0.000000,0.000000,0.000000,0.427455,0.931888,0.000000,0.000000,0.515770,0.512306,0.866079,0.641552,0.000000,0.000000,-6.62363253e-05,0.0155492388,0.000553780928,0.1,0.0128891743
50,4+6+8,0.000000,0.000000,0.000000,0.000000,0.000000,0.000000,0.220594,0.901154,0.000000,0.000000,0.153091,0.360253,0.000000,0.000000,0.112018,0.891842,-6.62363253e-05,0.00998970817,0.0004808145,0.1,0.00999185157
50,4+6+8,0.000000,0.000000,0.000000,0.000000,0.000000,0.000000,0.816075,0.555310,0.000000,0.000000,0.488205,0.772879,0.000000,0.000000,0.129197,0.339697,-6.62363253e-05,0.0108465145,0.00048085472,0.1,0.0102145863
50,4+6+8,0.000000,0.000000,0.000000,0.000000,0.000000,0.000000,0.406716,0.870327,0.000000,0.000000,0.648057,0.271195,0.000000,0.000000,0.657120,0.557279,-6.62363253e-05,0.0282429907,0.000889913471,0.1,0.0277291671
50,4+6+8,0.000000,0.000000,0.000000,0.000000,0.000000,0.000000,0.751833,0.345751,0.000000,0.000000,0.971574,0.816075,0.000000,0.000000,0.564845,0.371186,-6.62363253e-05,0.0271060907,0.000990471823,0.1,0.0261114403
50,4+6+8,0.000000,0.000000,0.000000,0.000000,0.000000,0.000000,0.640406,0.951633,0.000000,0.000000,0.147408,0.579516,0.000000,0.000000,0.835272,0.574610,-6.62363253e-05,0.0580146664,0.00159529208,0.1,0.0583642189
50,4+6+8,0.000000,0.000000,0.000000,0.000000,0.000000,0.000000,0.546908,0.689687,0.000000,0.000000,0.728839,0.442409,0.000000,0.000000,0.450624,0.935259,-6.62363253e-05,0.0200711945,0.000856813705,0.1,0.0196176066
50,4+6+8,0.000000,0.000000,0.000000,0.000000,0.000000,0.000000,0.208842,0.956595,0.000000,0.000000,0.667432,0.400392,0.000000,0.000000,0.747497,0.717550,-6.62363253e-05,0.0295970467,0.000744192315,0.1,0.0295574212
50,4+6+8,0.000000,0.000000,0.000000,0.000000,0.000000,0.000000,0.290131,0.108463,0.000000,0.000000,0.462168,0.224210,0.000000,0.000000,0.738594,0.767670,-6.62363253e-05,0.0392567957,0.00108635313,0.1,0.0382289392
51,4+7+8,0.000000,0.000000,0.000000,0.000000,0.000000,0.000000,0.372622,0.317192,0.000000,0.000000,0.000000,0.000000,0.600086,0.411722,0.865389,0.839473,-6.62363253e-05,0.0913899207,0.00205970953,0.2,0.088622774
51,4+7+8,0.000000,0.000000,0.000000,0.000000,0.000000,0.000000,0.132929,0.593513,0.000000,0.000000,0.000000,0.000000,0.921746,0.637958,0.401921,0.597469,-6.62363253e-05,0.0125967458,0.000439908366,0.1,0.0116843881
51,4+7+8,0.000000,0.000000,0.000000,0.000000,0.000000,0.000000,0.639963,0.863968,0.000000,0.000000,0.000000,0.000000,0.700304,0.446030,0.372190,0.121354,-6.62363253e-05,0.0120717735,0.000438664734,0.1,0.0119029825
51,4+7+8,0.000000,0.000000,0.000000,0.000000,0.000000,0.000000,0.269548,0.858335,0.000000,0.000000,0.000000,0.000000,0.587996,0.868704,0.926492,0.432786,-6.62363253e-05,0.0451724658,0.000860259911,0.1,0.0419838756
51,4+7+8,0.000000,0.000000,0.000000,0.000000,0.000000,0.000000,0.525377,0.279189,0.000000,0.000000,0.000000,0.000000,0.542959,0.171444,0.479310,0.684563,-6.62363253e-05,0.0405288019,0.00102028346,0.1,0.0396465766
51,4+7+8,0.000000,0.000000,0.000000,0.000000,0.000000,0.000000,0.999131,0.553796,0.000000,0.000000,0.000000,0.000000,0.706004,0.431196,0.265733,0.125618,-6.62363253e-05,0.0125403269,0.00050796746,0.1,0.0129475364
51,4+7+8,0.000000,0.000000,0.000000,0.000000,0.000000,0.000000,0.232997,0.704723,0.000000,0.000000,0.000000,0.000000,0.330810,0.370192,0.348105,0.114864,-6.62363253e-05,0.00761656516,0.000429139148,0.1,0.00727370517
51,4+7+8,0.000000,0.000000,0.000000,0.000000,0.000000,0.000000,0.967096,0.384095,0.000000,0.000000,0.000000,0.000000,0.564559,0.890602,0.967803,0.439868,-6.62363253e-05,0.0559516923,0.00139942801,0.1,0.0540503749
52,5+6+7,0.000000,0.000000,0.000000,0.000000,0.000000,0.000000,0.000000,0.000000,0.669169,0.137587,0.984122,0.727343,0.298800,0.591952,0.000000,0.000000,-6.62363253e-05,0.0146672711,0.0005696067,0.1,0.0119112418
52,5+6+7,0.000000,0.000000,0.000000,0.000000,0.000000,0.000000,0.000000,0.000000,0.559893,0.541688,0.326436,0.938412,0.488655,0.512033,0.000000,0.000000,-6.62363253e-05,0.0160636212,0.000616254432,0.1,0.011473541
52,5+6+7,0.000000,0.000000,0.000000,0.000000,0.000000,0.000000,0.000000,0.000000,0.311858,0.887295,0.792298,0.304744,0.469440,0.831443,0.000000,0.000000,-6.62363253e-05,0.0207631832,0.000645216542,0.1,0.0179410753
52,5+6+7,0.000000,0.000000,0.000000,0.000000,0.000000,0.000000,0.000000,0.000000,0.251403,0.106309,0.466072,0.938512,0.276184,0.675333,0.000000,0.000000,-6.62363253e-05,0.0148721511,0.000522475073,0.1,0.0120744238
52,5+6+7,0.000000,0.000000,0.000000,0.000000,0.000000,0.000000,0.000000,0.000000,0.301851,0.966384,0.110414,0.199166,0.293786,0.258790,0.000000,0.000000,-6.62363253e-05,0.000251679603,8.06372671e-05,0.1,5.88535557e-05
52,5+6+7,0.000000,0.000000,0.000000,0.000000,0.000000,0.000000,0.000000,0.000000,0.944798,0.213817,0.150339,0.364196,0.462486,0.247342,0.000000,0.000000,-6.62363253e-05,0.00261049816,0.000193363156,0.1,0.00138710737
52,5+6+7,0.000000,0.000000,0.000000,0.000000,0.000000,0.000000,0.000000,0.000000,0.705088,0.938536,0.725907,0.964193,0.913611,0.635855,0.000000,0.000000,-6.62363253e-05,0.0393260122,0.00124359721,0.1,0.0271764351
52,5+6+7,0.000000,0.000000,0.000000,0.000000,0.000000,0.000000,0.000000,0.000000,0.999700,0.507964,0.411188,0.810708,0.569476,0.801851,0.000000,0.000000,-6.62363253e-05,0.018106719,0.000630147184,0.1,0.0123475057
53,5+6+8,0.000000,0.000000,0.000000,0.000000,0.000000,0.000000,0.000000,0.000000,0.246283,0.292426,0.336067,0.342581,0.000000,0.000000,0.725451,0.431055,-6.62363253e-05,0.012139707,0.000508192257,0.1,0.0115632821
53,5+6+8,0.000000,0.000000,0.000000,0.000000,0.000000,0.000000,0.000000,0.000000,0.190765,0.756041,0.988275,0.975725,0.000000,0.000000,0.765396,0.873850,-6.62363253e-05,0.0122915781,0.000718618109,0.1,0.00987441721
53,5+6+8,0.000000,0.000000,0.000000,0.000000,0.000000,0.000000,0.000000,0.000000,0.719814,0.447419,0.934904,0.593267,0.000000,0.000000,0.130753,0.228590,-5.62584181e-05,0.0264874314,0.000867511058,0.1,0.0250668836
53,5+6+8,0.000000,0.000000,0.000000,0.000000,0.000000,0.000000,0.000000,0.000000,0.363428,0.569575,0.223301,0.124689,0.000000,0.000000,0.917947,0.907561,-5.62584181e-05,0.0528823587,0.00192735626,0.1,0.0545607651
53,5+6+8,0.000000,0.000000,0.000000,0.000000,0.000000,0.000000,0.000000,0.000000,0.840900,0.480410,0.276203,0.638921,0.000000,0.000000,0.740266,0.820651,-5.62584181e-05,0.0215828501,0.00069483097,0.1,0.0210519499
53,5+6+8,0.000000,0.000000,0.000000,0.000000,0.000000,0.000000,0.000000,0.000000,0.622583,0.940336,0.836064,0.363563,0.000000,0.000000,0.507522,0.454504,-5.62584181e-05,0.0178636244,0.000577838803,0.1,0.0152169545
53,5+6+8,0.000000,0.000000,0.000000,0.000000,0.000000,0.000000,0.000000,0.000000,0.603085,0.506324,0.616583,0.279799,0.000000,0.000000,0.654542,0.405980,-5.62584181e-05,0.00694783256,0.000421989767,0.1,0.00594941531
53,5+6+8,0.000000,0.000000,0.000000,0.000000,0.000000,0.000000,0.000000,0.000000,0.692183,0.271881,0.648627,0.489228,0.000000,0.000000,0.351617,0.586361,-5.62584181e-05,0.00361689318,0.000321075282,0.1,0.00284989118
54,5+7+8,0.000000,0.000000,0.000000,0.000000,0.000000,0.000000,0.000000,0.000000,0.838286,0.699060,0.000000,0.000000,0.520695,0.606273,0.723950,0.833036,-5.62584181e-05,0.0566144599,0.00143896029,0.1,0.0531874295
54,5+7+8,0.000000,0.000000,0.000000,0.000000,0.000000,0.000000,0.000000,0.000000,0.212531,0.855462,0.000000,0.000000,0.830729,0.289574,0.920744,0.857252,-5.62584181e-05,0.0850404856,0.0025506689,0.2,0.0827745814
54,5+7+8,0.000000,0.000000,0.000000,0.000000,0.000000,0.000000,0.000000,0.000000,0.804528,0.355055,0.000000,0.000000,0.686166,0.737309,0.782442,0.342383,-5.62584181e-05,0.0157837257,0.00054486984,0.1,0.0129369867
54,5+7+8,0.000000,0.000000,0.000000,0.000000,0.000000,0.000000,0.000000,0.000000,0.314067,0.350635,0.000000,0.000000,0.992685,0.943622,0.187037,0.815497,-5.62584181e-05,0.00786185559,0.000408327611,0.1,0.00724178058
54,5+7+8,0.000000,0.000000,0.000000,0.000000,0.000000,0.000000,0.000000,0.000000,0.773522,0.609653,0.000000,0.000000,0.353249,0.804425,0.681774,0.997122,-5.62584181e-05,0.0647473639,0.00127504966,0.1,0.0602274011
54,5+7+8,0.000000,0.000000,0.000000,0.000000,0.000000,0.000000,0.000000,0.000000,0.702723,0.482074,0.000000,0.000000,0.117931,0.711876,0.395066,0.811394,-5.62584181e-05,0.0262923604,0.000937559778,0.1,0.0237853282
54,5+7+8,0.000000,0.000000,0.000000,0.000000,0.000000,0.000000,0.000000,0.000000,0.649282,0.678842,0.000000,0.000000,0.871584,0.781130,0.341678,0.818386,-5.62584181e-05,0.00716777561,0.000376971282,0.1,0.00662095855
54,5+7+8,0.000000,0.000000,0.000000,0.000000,0.000000,0.000000,0.000000,0.000000,0.761985,0.279895,0.000000,0.000000,0.847580,0.563708,0.622927,0.215609,-5.62584181e-05,0.0048909272,0.000299930529,0.1,0.00321392248
55,6+7+8,0.000000,0.000000,0.000000,0.000000,0.000000,0.000000,0.000000,0.000000,0.000000,0.000000,0.475280,0.102358,0.972533,0.875118,0.312834,0.992821,-5.62584181e-05,0.0363009961,0.00107416483,0.1,0.0366226884
55,6+7+8,0.000000,0.000000,0.000000,0.000000,0.000000,0.000000,0.000000,0.000000,0.000000,0.000000,0.956186,0.239767,0.618271,0.356723,0.800938,0.985833,-5.62584181e-05,0.104805119,0.00277716826,0.2,0.101094638
55,6+7+8,0.000000,0.000000,0.000000,0.000000,0.000000,0.000000,0.000000,0.000000,0.000000,0.000000,0.615187,0.588133,0.557575,0.900613,0.510931,0.112967,-5.62584181e-05,0.0184812918,0.000513518366,0.1,0.0123539083
55,6+7+8,0.000000,0.000000,0.000000,0.000000,0.000000,0.000000,0.000000,0.000000,0.000000,0.000000,0.127457,0.629080,0.808000,0.357901,0.193307,0.573956,-5.62584181e-05,0.0100559057,0.000463025422,0.1,0.0103988811
55,6+7+8,0.000000,0.000000,0.000000,0.000000,0.000000,0.000000,0.000000,0.000000,0.000000,0.000000,0.859955,0.106351,0.681229,0.454758,0.979386,0.312284,-5.62584181e-05,0.0476939987,0.00116688021,0.1,0.0440456111
55,6+7+8,0.000000,0.000000,0.000000,0.000000,0.000000,0.000000,0.000000,0.000000,0.000000,0.000000,0.222846,0.733153,0.497937,0.316540,0.672342,0.330183,-5.62584181e-05,0.0202178842,0.000707204927,0.1,0.0185965819
55,6+7+8,0.000000,0.000000,0.000000,0.000000,0.000000,0.000000,0.000000,0.000000,0.000000,0.000000,0.798276,0.300105,0.898108,0.357052,0.666483,0.736658,-5.62584181e-05,0.0483419595,0.00148806211,0.1,0.0468991537
55,6+7+8,0.000000,0.000000,0.000000,0.000000,0.000000,0.000000,0.000000,0.000000,0.000000,0.000000,0.779913,0.599508,0.821009,0.234408,0.664820,0.501631,-5.62584181e-05,0.0149992884,0.000579144089,0.1,0.0149024856
# step7_json,C:\Users\weishan\Desktop\RbONN\src\calib_data\run_0910\calib_step7_result_0910_2034.json
# n_pairs,3
# drive,min=0.1,max=1,patterns=8,seed=1710449055
# status,complete
