# step-6 v2 measurement, x/w replaced by delivered
# source: calib_step6v2_meas_0904_0140.csv  (0904 run, encoded with method=interp)
# delivered = sin^2(Delta(L)/2) from the fitted transfer model in calib_step3b_0903_1517.json
# *_cmd columns are the values the run asked for; level_* is the grayscale it actually wrote
trial,pair_index,x,w,product,voltage_mean_v,voltage_std_v,std_ratio,x_cmd,w_cmd,level_x,level_w
0,2,0.999635023,0.999509972,0.999145174,0.0309278541,0.00164766977,0.0532746,1,1,860,860
0,2,0.999635023,0.912271073,0.911938115,0.0280337726,0.00151916205,0.0541904,1,0.9,860,764
0,2,0.999635023,0.687429408,0.687178512,0.0210657385,0.001296513,0.0615461,1,0.7,860,677
0,2,0.999635023,0.460123177,0.459955243,0.0142468843,0.00106193797,0.0745383,1,0.45,860,608
0,2,0.999635023,0.247030738,0.246940578,0.00728088426,0.000777261795,0.106754,1,0.25,860,541
0,2,0.488161641,0.48698561,0.237727694,0.00751468541,0.000738103324,0.0982215,0.5,0.5,617,616
0,2,0.999635023,0.213082981,0.213005211,0.00613286309,0.000681896683,0.111187,1,0.2,860,529
0,2,0.999635023,0.000851058836,0.00085074822,-6.30110777e-05,7.9285824e-05,1.25828,1,0,860,395
0,2,0.000770626,0.999509972,0.000770248372,-6.43192969e-05,7.21309751e-05,1.12145,0,1,395,860
0,2,0.488161641,0.000851058836,0.000415454278,-7.5521025e-05,5.86467682e-05,0.776562,0.5,0,617,395
0,2,0.000770626,0.48698561,0.000375283772,-6.57362321e-05,6.30730504e-05,0.959487,0,0.5,395,616
0,2,0.000770626,0.000851058836,6.55848067e-07,-6.87224479e-05,6.77216702e-05,0.985437,0,0,395,395
1,2,0.999635023,0.999509972,0.999145174,0.0307961475,0.00150143624,0.048754,1,1,860,860
1,2,0.999635023,0.912271073,0.911938115,0.027995644,0.00157446493,0.0562396,1,0.9,860,764
1,2,0.999635023,0.687429408,0.687178512,0.0212554725,0.00129530503,0.0609398,1,0.7,860,677
1,2,0.999635023,0.460123177,0.459955243,0.0142088959,0.00100889441,0.0710044,1,0.45,860,608
1,2,0.999635023,0.247030738,0.246940578,0.007220224,0.00078799444,0.109137,1,0.25,860,541
1,2,0.488161641,0.48698561,0.237727694,0.00726935348,0.000720778411,0.099153,0.5,0.5,617,616
1,2,0.999635023,0.213082981,0.213005211,0.00614604699,0.000651542336,0.10601,1,0.2,860,529
1,2,0.999635023,0.000851058836,0.00085074822,-2.94014792e-05,7.67478702e-05,2.61034,1,0,860,395
1,2,0.000770626,0.999509972,0.000770248372,-3.59029938e-05,6.87245833e-05,1.91417,0,1,395,860
1,2,0.488161641,0.000851058836,0.000415454278,-4.59476266e-05,7.00978929e-05,1.5256,0.5,0,617,395
1,2,0.000770626,0.48698561,0.000375283772,-4.36214593e-05,6.67275878e-05,1.5297,0,0.5,395,616
1,2,0.000770626,0.000851058836,6.55848067e-07,-5.98437579e-05,6.4148691e-05,1.07194,0,0,395,395
2,2,0.999635023,0.912271073,0.911938115,0.0279060491,0.00153780771,0.0551066,1,0.9,860,764
2,2,0.999635023,0.687429408,0.687178512,0.0208722545,0.00123397465,0.0591203,1,0.7,860,677
2,2,0.999635023,0.460123177,0.459955243,0.0140326203,0.00107763774,0.0767952,1,0.45,860,608
2,2,0.999635023,0.247030738,0.246940578,0.00736192451,0.000703308112,0.0955332,1,0.25,860,541
2,2,0.488161641,0.48698561,0.237727694,0.00747385663,0.000774073072,0.103571,0.5,0.5,617,616
2,2,0.999635023,0.213082981,0.213005211,0.00609871033,0.000737997662,0.121009,1,0.2,860,529
2,2,0.999635023,0.000851058836,0.00085074822,-4.73360807e-05,7.45258832e-05,1.5744,1,0,860,395
3,2,0.999635023,0.912271073,0.911938115,0.0276207582,0.0015078214,0.0545902,1,0.9,860,764
3,2,0.999635023,0.687429408,0.687178512,0.0210529408,0.00128463003,0.061019,1,0.7,860,677
3,2,0.999635023,0.460123177,0.459955243,0.0141071459,0.00104505717,0.07408,1,0.45,860,608
3,2,0.999635023,0.213082981,0.213005211,0.00620404406,0.000724942112,0.11685,1,0.2,860,529
4,2,0.999635023,0.912271073,0.911938115,0.0281019456,0.00144173262,0.0513037,1,0.9,860,764
5,2,0.999635023,0.912271073,0.911938115,0.0281308043,0.00151919468,0.0540047,1,0.9,860,764
0,4,0.927779372,0.997218775,0.925199009,0.0323209783,0.00166909686,0.0516413,1,1,770,900
0,4,0.927779372,0.872877926,0.809838134,0.0283589542,0.0015460703,0.0545179,1,0.9,770,766
0,4,0.927779372,0.722742305,0.670545402,0.0233058329,0.0012904355,0.0553696,1,0.7,770,705
0,4,0.927779372,0.432088738,0.400883018,0.0139193363,0.00100646692,0.0723071,1,0.45,770,609
0,4,0.927779372,0.25050819,0.232416331,0.00770634504,0.000750760483,0.0974211,1,0.25,770,547
0,4,0.501223584,0.475489196,0.238326399,0.0087679856,0.000791433854,0.090264,0.5,0.5,619,623
0,4,0.927779372,0.211170992,0.195920091,0.0062007214,0.000665576688,0.107339,1,0.2,770,532
0,4,0.927779372,0.00257853131,0.00239230816,-3.67959096e-05,7.6079349e-05,2.0676,1,0,770,395
0,4,0.000726859143,0.997218775,0.000724837584,-3.62338595e-05,7.58083611e-05,2.0922,0,1,395,900
0,4,0.501223584,0.00257853131,0.0012924207,-3.98504295e-05,8.5259572e-05,2.13949,0.5,0,619,395
0,4,0.000726859143,0.475489196,0.00034561367,-4.67835757e-05,6.1973375e-05,1.32468,0,0.5,395,623
0,4,0.000726859143,0.00257853131,1.87422906e-06,-6.07859908e-05,7.20555042e-05,1.1854,0,0,395,395
1,4,0.927779372,0.997218775,0.925199009,0.0318899629,0.0016295434,0.0510989,1,1,770,900
1,4,0.927779372,0.872877926,0.809838134,0.0282589484,0.0015123604,0.0535179,1,0.9,770,766
1,4,0.927779372,0.722742305,0.670545402,0.0235548628,0.00133366356,0.0566195,1,0.7,770,705
1,4,0.927779372,0.432088738,0.400883018,0.0139349112,0.00100204033,0.0719086,1,0.45,770,609
1,4,0.927779372,0.25050819,0.232416331,0.00766906213,0.000777860089,0.101428,1,0.25,770,547
1,4,0.501223584,0.475489196,0.238326399,0.00870010269,0.000821703371,0.0944475,0.5,0.5,619,623
1,4,0.927779372,0.211170992,0.195920091,0.00616512377,0.000659528858,0.106977,1,0.2,770,532
1,4,0.927779372,0.00257853131,0.00239230816,-4.62312567e-05,8.1466701e-05,1.76216,1,0,770,395
1,4,0.000726859143,0.997218775,0.000724837584,-3.71257087e-05,7.585212e-05,2.04312,0,1,395,900
1,4,0.501223584,0.00257853131,0.0012924207,-3.4880086e-05,6.87181656e-05,1.97013,0.5,0,619,395
1,4,0.000726859143,0.475489196,0.00034561367,-3.96555805e-05,6.413892e-05,1.6174,0,0.5,395,623
1,4,0.000726859143,0.00257853131,1.87422906e-06,-4.967769e-05,0.000116442636,2.34396,0,0,395,395
2,4,0.927779372,0.872877926,0.809838134,0.0283662049,0.00154234975,0.0543728,1,0.9,770,766
2,4,0.927779372,0.722742305,0.670545402,0.0236526715,0.00136430235,0.0576807,1,0.7,770,705
2,4,0.927779372,0.432088738,0.400883018,0.0139698883,0.00106808259,0.0764561,1,0.45,770,609
2,4,0.927779372,0.25050819,0.232416331,0.00777799807,0.000731440389,0.0940397,1,0.25,770,547
2,4,0.501223584,0.475489196,0.238326399,0.00857757958,0.000815908203,0.095121,0.5,0.5,619,623
2,4,0.927779372,0.211170992,0.195920091,0.00614692431,0.00063984305,0.104092,1,0.2,770,532
2,4,0.927779372,0.00257853131,0.00239230816,-3.72729086e-05,7.1557555e-05,1.91983,1,0,770,395
3,4,0.927779372,0.872877926,0.809838134,0.0285952666,0.00155702643,0.0544505,1,0.9,770,766
3,4,0.927779372,0.722742305,0.670545402,0.0239201929,0.00129758487,0.0542464,1,0.7,770,705
3,4,0.927779372,0.432088738,0.400883018,0.0140801721,0.00103346181,0.0733984,1,0.45,770,609
3,4,0.927779372,0.211170992,0.195920091,0.00630702556,0.000688420391,0.109151,1,0.2,770,532
4,4,0.927779372,0.872877926,0.809838134,0.028452805,0.00159297028,0.0559864,1,0.9,770,766
5,4,0.927779372,0.872877926,0.809838134,0.0279043012,0.00145149833,0.052017,1,0.9,770,766
0,5,0.987739713,0.999482148,0.98722821,0.0412791156,0.00177587439,0.0430211,1,1,875,860
0,5,0.987739713,0.943496415,0.931928879,0.0380384201,0.00170082303,0.0447133,1,0.9,875,793
0,5,0.987739713,0.696270672,0.687734193,0.0287134906,0.00153901756,0.0535991,1,0.7,875,687
0,5,0.987739713,0.458560633,0.452938548,0.0185630947,0.00125618631,0.0676712,1,0.45,875,612
0,5,0.987739713,0.252662094,0.249564384,0.0100488493,0.000866420454,0.0862209,1,0.25,875,545
0,5,0.500800234,0.500664853,0.250733075,0.0102597413,0.000893270106,0.0870656,0.5,0.5,615,625
0,5,0.987739713,0.211628903,0.209034272,0.00782927251,0.000777257285,0.0992758,1,0.2,875,530
0,5,0.987739713,0.00162323316,0.00160333185,-2.7230784e-05,0.000108891774,3.99885,1,0,875,395
0,5,0.000807703293,0.999482148,0.000807285022,-3.47609205e-05,7.68171963e-05,2.20987,0,1,395,860
0,5,0.500800234,0.00162323316,0.000812915544,-4.7500055e-05,6.97970738e-05,1.46941,0.5,0,615,395
0,5,0.000807703293,0.500664853,0.00040438865,-4.79786472e-05,7.07824397e-05,1.47529,0,0.5,395,625
0,5,0.000807703293,0.00162323316,1.31109077e-06,-7.40452867e-05,5.48642031e-05,0.740955,0,0,395,395
1,5,0.987739713,0.999482148,0.98722821,0.0415632279,0.00187986151,0.045229,1,1,875,860
1,5,0.987739713,0.943496415,0.931928879,0.0381987712,0.001767414,0.0462689,1,0.9,875,793
1,5,0.987739713,0.696270672,0.687734193,0.028462608,0.00159263096,0.0559552,1,0.7,875,687
1,5,0.987739713,0.458560633,0.452938548,0.0188390608,0.00123001042,0.0652904,1,0.45,875,612
1,5,0.987739713,0.252662094,0.249564384,0.0100683201,0.000882586266,0.0876597,1,0.25,875,545
1,5,0.500800234,0.500664853,0.250733075,0.0102745852,0.000922786475,0.0898125,0.5,0.5,615,625
1,5,0.987739713,0.211628903,0.209034272,0.0079334181,0.000717208797,0.0904035,1,0.2,875,530
1,5,0.987739713,0.00162323316,0.00160333185,-2.63783815e-05,8.54349718e-05,3.23883,1,0,875,395
1,5,0.000807703293,0.999482148,0.000807285022,-3.33358275e-05,8.46734284e-05,2.54001,0,1,395,860
1,5,0.500800234,0.00162323316,0.000812915544,-3.84987189e-05,6.94578241e-05,1.80416,0.5,0,615,395
1,5,0.000807703293,0.500664853,0.00040438865,-4.61580745e-05,6.72610564e-05,1.45719,0,0.5,395,625
1,5,0.000807703293,0.00162323316,1.31109077e-06,-7.02478407e-05,6.23620238e-05,0.887743,0,0,395,395
2,5,0.987739713,0.943496415,0.931928879,0.0389617385,0.00174489506,0.0447848,1,0.9,875,793
2,5,0.987739713,0.696270672,0.687734193,0.0286428239,0.00152261529,0.0531587,1,0.7,875,687
2,5,0.987739713,0.458560633,0.452938548,0.01910615,0.00128589336,0.0673026,1,0.45,875,612
2,5,0.987739713,0.252662094,0.249564384,0.00988288635,0.00089555676,0.0906169,1,0.25,875,545
2,5,0.500800234,0.500664853,0.250733075,0.0101212373,0.000825920284,0.0816027,0.5,0.5,615,625
2,5,0.987739713,0.211628903,0.209034272,0.00789582374,0.000748483189,0.0947948,1,0.2,875,530
2,5,0.987739713,0.00162323316,0.00160333185,-1.45849896e-05,8.5404299e-05,5.85563,1,0,875,395
3,5,0.987739713,0.943496415,0.931928879,0.0383198977,0.0017726006,0.046258,1,0.9,875,793
3,5,0.987739713,0.696270672,0.687734193,0.0284614937,0.00143320199,0.0503558,1,0.7,875,687
3,5,0.987739713,0.458560633,0.452938548,0.0189346131,0.00137257768,0.0724904,1,0.45,875,612
3,5,0.987739713,0.211628903,0.209034272,0.00792924031,0.000786350871,0.099171,1,0.2,875,530
4,5,0.987739713,0.943496415,0.931928879,0.038668621,0.00192510852,0.0497848,1,0.9,875,793
5,5,0.987739713,0.943496415,0.931928879,0.0385588653,0.00169348866,0.0439196,1,0.9,875,793
