# step-8 simple measurement, per-pair x/w replaced by delivered
# source: calib_step8_simple_0904_0150.csv  (0904 run, encoded with method=interp)
# delivered = sin^2(Delta(L)/2) from the fitted transfer model in calib_step3b_0903_1517.json
# *_cmd columns are the values the run asked for; level_* is the grayscale it actually wrote
block,pairs,v,x_2,w_2,x_4,w_4,x_5,w_5,dark_v,voltage_mean_v,voltage_std_v,std_ratio,pred_v,x_2_cmd,w_2_cmd,x_4_cmd,w_4_cmd,x_5_cmd,w_5_cmd,level_x_2,level_w_2,level_x_4,level_w_4,level_x_5,level_w_5
0,2,0.1,0.0989728589,0.106134583,0,0,0,0,-5.12851406e-05,0.000223191783,0.00014314579,0.641358,,0.1,0.1,0,0,0,0,482,485,395,395,395,395
0,2,0.28,0.28388332,0.276588356,0,0,0,0,-5.12851406e-05,0.0023487219,0.000415178016,0.176768,,0.28,0.28,0,0,0,0,554,551,395,395,395,395
0,2,0.46,0.454628665,0.466830998,0,0,0,0,-5.12851406e-05,0.00661096785,0.000614083719,0.0928886,,0.46,0.46,0,0,0,0,607,610,395,395,395,395
0,2,0.64,0.656800811,0.655852112,0,0,0,0,-5.12851406e-05,0.0135002205,0.00108504349,0.0803723,,0.64,0.64,0,0,0,0,668,667,395,395,395,395
0,2,0.82,0.830487026,0.817074437,0,0,0,0,-5.12851406e-05,0.0210732552,0.0011283686,0.0535451,,0.82,0.82,0,0,0,0,728,722,395,395,395,395
0,2,1,0.999635023,0.999509972,0,0,0,0,-5.12851406e-05,0.0309721769,0.00161895427,0.0522712,,1,1,0,0,0,0,860,860,395,395,395,395
1,4,0.1,0,0,0.108446318,0.107598329,0,0,-5.12851406e-05,0.000236160317,0.000154060977,0.652358,,0,0,0.1,0.1,0,0,395,395,486,486,395,395
1,4,0.28,0,0,0.287742631,0.277964053,0,0,-5.12851406e-05,0.00254036443,0.000486255032,0.191412,,0,0,0.28,0.28,0,0,395,395,554,557,395,395
1,4,0.46,0,0,0.453810898,0.441356585,0,0,-5.12851406e-05,0.00730617215,0.000661382336,0.0905238,,0,0,0.46,0.46,0,0,395,395,605,612,395,395
1,4,0.64,0,0,0.657868027,0.680007684,0,0,-5.12851406e-05,0.0161334573,0.00116089772,0.0719559,,0,0,0.64,0.64,0,0,395,395,666,690,395,395
1,4,0.82,0,0,0.854907655,0.842449943,0,0,-5.12851406e-05,0.0257549205,0.00129536971,0.050296,,0,0,0.82,0.82,0,0,395,395,735,752,395,395
1,4,1,0,0,0.927779372,0.997218775,0,0,-5.12851406e-05,0.0320352713,0.00164328295,0.0512961,,0,0,1,1,0,0,395,395,770,900,395,395
2,5,0.1,0,0,0,0,0.103835288,0.110338222,-5.12851406e-05,0.000325839499,0.000181391656,0.55669,,0,0,0,0,0.1,0.1,395,395,395,395,482,487
2,5,0.28,0,0,0,0,0.287353099,0.284262152,-5.12851406e-05,0.0030806783,0.000424390304,0.137759,,0,0,0,0,0.28,0.28,395,395,395,395,551,556
2,5,0.46,0,0,0,0,0.480138885,0.46502652,-5.12851406e-05,0.00916213977,0.000775828182,0.0846776,,0,0,0,0,0.46,0.46,395,395,395,395,609,614
2,5,0.64,0,0,0,0,0.633493873,0.628890772,-5.12851406e-05,0.0165527906,0.00108001846,0.0652469,,0,0,0,0,0.64,0.64,395,395,395,395,654,665
2,5,0.82,0,0,0,0,0.856518109,0.856050663,-5.12851406e-05,0.0293811529,0.00167732259,0.0570884,,0,0,0,0,0.82,0.82,395,395,395,395,730,747
2,5,1,0,0,0,0,0.987739713,0.999482148,-5.12851406e-05,0.0416798708,0.00176357277,0.0423123,,0,0,0,0,1,1,395,395,395,395,875,860
3,2+4,0.1,0.0989728589,0.106134583,0.108446318,0.107598329,0,0,-5.12851406e-05,0.000612196989,0.000219615128,0.358733,,0.1,0.1,0.1,0.1,0,0,482,485,486,486,395,395
3,2+4,0.28,0.28388332,0.276588356,0.287742631,0.277964053,0,0,-5.12851406e-05,0.00536477022,0.000657304137,0.122522,,0.28,0.28,0.28,0.28,0,0,554,551,554,557,395,395
3,2+4,0.46,0.454628665,0.466830998,0.453810898,0.441356585,0,0,-5.12851406e-05,0.0148696081,0.00101930645,0.0685497,,0.46,0.46,0.46,0.46,0,0,607,610,605,612,395,395
3,2+4,0.64,0.656800811,0.655852112,0.657868027,0.680007684,0,0,-5.12851406e-05,0.0331331759,0.0014587155,0.0440258,,0.64,0.64,0.64,0.64,0,0,668,667,666,690,395,395
3,2+4,0.82,0.830487026,0.817074437,0.854907655,0.842449943,0,0,-5.12851406e-05,0.0537490077,0.00202823611,0.0377353,,0.82,0.82,0.82,0.82,0,0,728,722,735,752,395,395
3,2+4,1,0.999635023,0.999509972,0.927779372,0.997218775,0,0,-5.12851406e-05,0.0580171959,0.00208254396,0.0358953,,1,1,1,1,0,0,860,860,770,900,395,395
4,2+5,0.1,0.0989728589,0.106134583,0,0,0.103835288,0.110338222,-5.12851406e-05,1.94760238e-05,0.000100197097,5.14464,,0.1,0.1,0,0,0.1,0.1,482,485,395,395,482,487
4,2+5,0.28,0.28388332,0.276588356,0,0,0.287353099,0.284262152,-5.12851406e-05,0.000581401627,0.000245170654,0.421689,,0.28,0.28,0,0,0.28,0.28,554,551,395,395,551,556
4,2+5,0.46,0.454628665,0.466830998,0,0,0.480138885,0.46502652,-5.12851406e-05,0.0018935443,0.000408671164,0.215823,,0.46,0.46,0,0,0.46,0.46,607,610,395,395,609,614
4,2+5,0.64,0.656800811,0.655852112,0,0,0.633493873,0.628890772,-5.12851406e-05,0.00263419891,0.000504449916,0.1915,,0.64,0.64,0,0,0.64,0.64,668,667,395,395,654,665
4,2+5,0.82,0.830487026,0.817074437,0,0,0.856518109,0.856050663,-5.12851406e-05,0.00823669106,0.000797511707,0.0968243,,0.82,0.82,0,0,0.82,0.82,728,722,395,395,730,747
4,2+5,1,0.999635023,0.999509972,0,0,0.987739713,0.999482148,-5.12851406e-05,0.00962799528,0.000844669473,0.0877306,,1,1,0,0,1,1,860,860,395,395,875,860
5,4+5,0.1,0,0,0.108446318,0.107598329,0.103835288,0.110338222,-5.12851406e-05,0.00133618228,0.000362650197,0.271408,,0,0,0.1,0.1,0.1,0.1,395,395,486,486,482,487
5,4+5,0.28,0,0,0.287742631,0.277964053,0.287353099,0.284262152,-5.12851406e-05,0.0106575322,0.000832570993,0.0781204,,0,0,0.28,0.28,0.28,0.28,395,395,554,557,551,556
5,4+5,0.46,0,0,0.453810898,0.441356585,0.480138885,0.46502652,-5.12851406e-05,0.0309614457,0.00153791397,0.0496719,,0,0,0.46,0.46,0.46,0.46,395,395,605,612,609,614
5,4+5,0.64,0,0,0.657868027,0.680007684,0.633493873,0.628890772,-5.12851406e-05,0.0562541847,0.00215536405,0.0383147,,0,0,0.64,0.64,0.64,0.64,395,395,666,690,654,665
5,4+5,0.82,0,0,0.854907655,0.842449943,0.856518109,0.856050663,-5.12851406e-05,0.0971543162,0.00187264233,0.0192749,,0,0,0.82,0.82,0.82,0.82,395,395,735,752,730,747
5,4+5,1,0,0,0.927779372,0.997218775,0.987739713,0.999482148,-5.12851406e-05,0.105463585,3.9776453e-06,3.77158e-05,,0,0,1,1,1,1,395,395,770,900,875,860
